-- phpMyAdmin SQL Dump
-- version 3.5.1
-- http://www.phpmyadmin.net
--
-- Host: localhost
-- Generation Time: Jun 06, 2013 at 02:17 PM
-- Server version: 5.5.24-log
-- PHP Version: 5.3.13

SET SQL_MODE="NO_AUTO_VALUE_ON_ZERO";
SET time_zone = "+00:00";


/*!40101 SET @OLD_CHARACTER_SET_CLIENT=@@CHARACTER_SET_CLIENT */;
/*!40101 SET @OLD_CHARACTER_SET_RESULTS=@@CHARACTER_SET_RESULTS */;
/*!40101 SET @OLD_COLLATION_CONNECTION=@@COLLATION_CONNECTION */;
/*!40101 SET NAMES utf8 */;

--
-- Database: `pryouthapi`
--

-- --------------------------------------------------------

--
-- Table structure for table `categories`
--

DROP TABLE IF EXISTS `categories`;
CREATE TABLE IF NOT EXISTS `categories` (
  `id` int(11) NOT NULL DEFAULT '0',
  `name` varchar(50) NOT NULL,
  PRIMARY KEY (`id`)
) ENGINE=InnoDB DEFAULT CHARSET=utf16;

--
-- Dumping data for table `categories`
--

INSERT INTO `categories` (`id`, `name`) VALUES
(1, 'Seguridad'),
(2, 'Salud'),
(3, 'Familia'),
(4, 'Educación'),
(5, 'Económico');

-- --------------------------------------------------------

--
-- Table structure for table `counties`
--

DROP TABLE IF EXISTS `counties`;
CREATE TABLE IF NOT EXISTS `counties` (
  `id` int(11) NOT NULL AUTO_INCREMENT,
  `name` varchar(50) NOT NULL,
  PRIMARY KEY (`id`)
) ENGINE=InnoDB  DEFAULT CHARSET=latin1 AUTO_INCREMENT=79 ;

--
-- Dumping data for table `counties`
--

INSERT INTO `counties` (`id`, `name`) VALUES
(1, 'Adjuntas'),
(2, 'Aguada'),
(3, 'Aguadilla'),
(4, 'Aguas Buenas'),
(5, 'Aibonito'),
(6, 'Añasco'),
(7, 'Arecibo'),
(8, 'Arroyo'),
(9, 'Barceloneta'),
(10, 'Barranquitas'),
(11, 'Bayamón'),
(12, 'Cabo Rojo'),
(13, 'Caguas'),
(14, 'Camuy'),
(15, 'Canóvanas'),
(16, 'Carolina'),
(17, 'Cataño'),
(18, 'Cayey'),
(19, 'Ceiba'),
(20, 'Ciales'),
(21, 'Cidra'),
(22, 'Coamo'),
(23, 'Comerío'),
(24, 'Corozal'),
(25, 'Culebra'),
(26, 'Dorado'),
(27, 'Fajardo'),
(28, 'Florida'),
(29, 'Guánica'),
(30, 'Guayama'),
(31, 'Guayanilla'),
(32, 'Guaynabo'),
(33, 'Gurabo'),
(34, 'Hatillo'),
(35, 'Hormigueros'),
(36, 'Humacao'),
(37, 'Isabela'),
(38, 'Jayuya'),
(39, 'Juana Díaz'),
(40, 'Juncos'),
(41, 'Lajas'),
(42, 'Lares'),
(43, 'Las Marías'),
(44, 'Las Piedras'),
(45, 'Loíza'),
(46, 'Luquillo'),
(47, 'Manatí'),
(48, 'Maricao'),
(49, 'Maunabo'),
(50, 'Mayagüez'),
(51, 'Moca'),
(52, 'Morovis'),
(53, 'Naguabo'),
(54, 'Naranjito'),
(55, 'Orocovis'),
(56, 'Patillas'),
(57, 'Peñuelas'),
(58, 'Ponce'),
(59, 'Quebradillas'),
(60, 'Rincón'),
(61, 'Río Grande'),
(62, 'Sabana Grande'),
(63, 'Salinas'),
(64, 'San Germán'),
(65, 'San Juan'),
(66, 'San Lorenzo'),
(67, 'San Sebastián'),
(68, 'Santa Isabel'),
(69, 'Toa Alta'),
(70, 'Toa Baja'),
(71, 'Trujillo Alto'),
(72, 'Utuado'),
(73, 'Vega Alta'),
(74, 'Vega Baja'),
(75, 'Vieques'),
(76, 'Villalba'),
(77, 'Yabucoa'),
(78, 'Yauco');

-- --------------------------------------------------------

--
-- Table structure for table `indicators`
--

DROP TABLE IF EXISTS `indicators`;
CREATE TABLE IF NOT EXISTS `indicators` (
  `id` int(11) NOT NULL AUTO_INCREMENT,
  `name` varchar(255) NOT NULL,
  `categoryId` int(11) NOT NULL,
  `format` varchar(3) NOT NULL,
  `base` int(11) DEFAULT NULL,
  PRIMARY KEY (`id`)
) ENGINE=InnoDB  DEFAULT CHARSET=latin1 AUTO_INCREMENT=103 ;

--
-- Dumping data for table `indicators`
--

INSERT INTO `indicators` (`id`, `name`, `categoryId`, `format`, `base`) VALUES
(1, 'Muertes de adolescentes por homicidios y suicidios  (*100,000) ', 1, 't', 100000),
(2, 'Población correccional entre 16-21 años según municipio de residencia (*100,000)', 1, 't', 100000),
(3, 'Total de nacimientos en Puerto Rico', 2, 'c', 0),
(4, 'Total de nacimientos en chicas menores de 20 años', 2, 'c', 0),
(5, 'Total de nacimientos en chicas menores de 15 años ', 2, 'c', 0),
(6, 'Total de nacimientos en chicas entre 15 y 19 años', 2, 'c', 0),
(7, 'Niños en muy bajo peso al nacer ( 1,000 gr- 1,499 gr)  (%)', 2, 'p', 0),
(8, 'Niños en bajo peso al nacer ( 1,500 gr - 2,499 gr)  (%)', 2, 'p', 0),
(9, 'Total poblacional de 0 a 19 años Femenino ', 2, 'c', 0),
(10, 'Total poblacional de 0 a 19 años Masculino ', 2, 'c', 0),
(11, 'Población de niños  de 0 a 4 años de edad', 2, 'c', 0),
(12, 'Población de niños  de 5 a 9 años de edad', 2, 'c', 0),
(13, 'Población de niños  de 10 a 14 años de edad', 2, 'c', 0),
(14, 'Población de niños  de 15 a 19 años de edad', 2, 'c', 0),
(15, 'Natividad en la población menor de 18 años [Nativos (%)]', 2, 'p', 0),
(16, 'Natividad en la población menor de 18 años [Extranjeros (%)] ', 2, 'p', 0),
(17, 'Tasa de mortalidad infantil (niños menores de 1 año)  (*1,000)', 2, 't', 1000),
(18, 'Tasa de mortalidad en la niñez (< 5 años)  ( *100,000)', 2, 't', 1000),
(19, 'Tasa de mortalidad específica para niños entre 5 y 14 años   (*100,000)', 2, 't', 100000),
(20, 'Tasa de mortalidad por todas las causas en jóvenes entre 15 y 19 años  (*100,000)', 2, 't', 100000),
(21, 'Tasa de mortalidad de niños y jóvenes ( 1 -19 años)  (*100,000)', 2, 't', 100000),
(22, 'Porcentaje de niños con plan de salud  (%)', 2, 'p', 0),
(23, 'Población total ', 2, 'c', 0),
(24, 'Distribución poblacional adulta de 20-24 años de edad', 2, 'c', 0),
(25, 'Distribución poblacional adulta de 25-29 años de edad', 2, 'c', 0),
(26, 'Distribución poblacional adulta de 30-34 años de edad ', 2, 'c', 0),
(27, 'Distribución poblacional adulta de 35-39 años de edad  ', 2, 'c', 0),
(28, 'Distribución poblacional adulta de 40-44 años de edad  ', 2, 'c', 0),
(29, 'Distribución poblacional adulta de  45-49 años de edad  ', 2, 'c', 0),
(30, 'Distribución poblacional adulta de  50-54 años de edad  ', 2, 'c', 0),
(31, 'Distribución poblacional adulta de  55-59 años de edad  ', 2, 'c', 0),
(32, 'Distribución poblacional adulta de  60-64 años de edad ', 2, 'c', 0),
(33, 'Distribución poblacional adulta de  65-69 años de edad', 2, 'c', 0),
(34, 'Distribución poblacional adulta de  70-74 años de edad', 2, 'c', 0),
(35, 'Distribución poblacional adulta de  75-79 años de edad  ', 2, 'c', 0),
(36, 'Distribución poblacional adulta de  80-84 años de edad  ', 2, 'c', 0),
(37, 'Nacimientos en madres solteras (%)', 2, 'p', 0),
(38, 'Niños para los que se ha confirmado han sido maltratados (x1,000)', 3, 't', 1000),
(39, 'Niños para los que se ha confirmado han sido maltratados por negligencia (x1,000) ', 3, 't', 1000),
(40, 'Niños para los que se ha confirmado han sido maltratados por abuso sexual (x1,000)', 3, 't', 1000),
(41, 'Niños para los que se ha confirmado han sido maltratados por explotación (x1,000)', 3, 't', 1000),
(42, 'Niños para los que se ha confirmado han sido maltratados físicamente (x1,000)', 3, 't', 1000),
(43, 'Niños para los que se ha confirmado han sido maltratados emocionalmente (x1,000)', 3, 't', 1000),
(44, 'Niños para los que se ha confirmado han sido maltratados múltiple (x1,000) ', 3, 't', 1000),
(45, 'Población menor de 18 años según tipo de hogar - En matromonios (%) ', 3, 'p', 0),
(46, 'Población menor de 18 años según tipo de hogar - Sólo con el padre (%) ', 3, 'p', 0),
(47, 'Población menor de 18 años según tipo de hogar - Sólo con la madre (%) ', 3, 'p', 0),
(48, 'Abuelos a cargo de sus nietos <18 años  (%)', 3, 'p', 0),
(49, 'Menores de 18 años que viven con otras personas que no es un familiar  (%) ', 3, 'p', 0),
(50, 'Menores de 18 años con presencia de pareja del householder en el hogar no casados  (%)', 3, 'p', 0),
(51, 'Niños entre 1 y 4 años que se mudaron de Estados Unidos ', 3, 'p', 0),
(52, 'Niños entre 5 y 17 años que se mudaron de Estados Unidos', 3, 'p', 0),
(53, 'Niños entre 1 y 4 años que se mudaron de  algún lugar fuera de EU y PR', 3, 'p', 0),
(54, 'Niños entre 5 y 17 años que se mudaron de  algún lugar fuera de EU y PR', 3, 'p', 0),
(55, '% de hogares en donde los ocupantes con menores de 18 años  son duenos del hogar', 3, 'p', 0),
(56, '% niños adoptados ', 3, 'p', 0),
(57, 'Niños cuyos madres tiene una educación menor de escuela superior  (%)', 3, 'p', 0),
(58, 'Niños entre 3 y 4 años que no están matriculados  (%)', 4, 'p', 0),
(59, 'Niños no matriculados en la escuela  (%)', 4, 'p', 0),
(60, 'Jóvenes de 16 a 19 años no matriculados ni con diploma de cuarto año  (%)', 4, 'p', 0),
(61, 'Niños de 5 a 17 años que hablan español y su inglés es "less than very well"  (%)', 4, 'p', 0),
(62, 'Niños que hablan en su hogar otro idioma diferente al inglés y español  (%)', 4, 'p', 0),
(63, 'Jóvenes de 18 a 24 años matriculados o que completaron  la universidad ', 4, 'p', 0),
(64, 'Educación obtenida en el grupo de 25 años en adelante  - Menos de noveno grado (%)', 4, 'p', 0),
(65, 'Educación obtenida en el grupo de 25 años en adelante  - Entre noveno y cuarto ano (no graduación)(%)', 4, 'p', 0),
(66, 'Educación obtenida en el grupo de 25 años en adelante  - Cuarto año o equivalente(%)', 4, 'p', 0),
(67, 'Educación obtenida en el grupo de 25 años en adelante  - Algunos años en la universidad (no diploma) (%)', 4, 'p', 0),
(68, 'Educación obtenida en el grupo de 25 años en adelante  - Grado asociado (%)', 4, 'p', 0),
(69, 'Educación obtenida en el grupo de 25 años en adelante  - Diploma universitario (%) ', 4, 'p', 0),
(70, 'Educación obtenida en el grupo de 25 años en adelante  - Diploma graduado o profesional (%) ', 4, 'p', 0),
(71, 'Educación obtenida en el grupo 25 a 34 años - Escuela superior o más (%) ', 4, 'p', 0),
(72, 'Educación obtenida en el grupo 25 a 34 años - Bachillerato o más (%)', 4, 'p', 0),
(73, '% de personas en el campo laboral con educacion menor de cuarto año (Entre 25 y 64 años de edad)', 4, 'p', 0),
(74, '% de personas en el campo laboral con cuarto año de educación (Entre 25 y 64 años de edad)', 4, 'p', 0),
(75, '% de personas en el campo laboral con algunos años en la univ o algún grado asociado (Entre 25 y 64 años de edad)', 4, 'p', 0),
(76, '% de personas en el campo laboral con bachiller o más (Entre 25 y 64 años de edad)', 4, 'p', 0),
(77, 'Nivel de pobreza según el tipo de familia - Casados con niños < 18 años bajo el nivel de pobreza', 5, 'p', 0),
(78, 'Nivel de pobreza según el tipo de familia - Madres con niños <18 años bajo el nivel de pobreza', 5, 'p', 0),
(79, 'Nivel de pobreza según el tipo de familia - Todas las familias con niños < 18 años bajo el nivel de pobreza', 5, 'p', 0),
(80, 'Menores de 18 años bajo el nivel de pobreza (%)', 5, 'p', 0),
(81, '% de niños < 5 años bajo el nivel de la pobreza', 5, 'p', 0),
(82, '% de niños de 5 años bajo el nivel de la pobreza', 5, 'p', 0),
(83, '% de niños de 6 a 11 años bajo el nivel de la pobreza', 5, 'p', 0),
(84, '% de niños de 12 a 14 años bajo el nivel de la pobreza', 5, 'p', 0),
(85, '% de niños de 15 años bajo el nivel de la pobreza', 5, 'p', 0),
(86, '% de niños de 16 a 17 años bajo el nivel de la pobreza', 5, 'p', 0),
(87, 'Menores de 18 años en menos del 50% por debajo del nivel de pobreza  (%)', 5, 'p', 0),
(88, 'Menores de 18 años en menos del 100% por debajo del nivel de pobreza  (%)', 5, 'p', 0),
(89, 'Menores de 18 años en menos del 125% por debajo del nivel de pobreza  (%)', 5, 'p', 0),
(90, 'Ingreso promedio en hogares con menores de 18 años  ($)', 5, 'm', 0),
(91, 'Matrimonios con niños < 18 años en donde ambos padres están fuera del campo laboral', 5, 'p', 0),
(92, 'Familias monoparentales con niños < 18 años en donde papá no está en el campo laboral', 5, 'p', 0),
(93, 'Familias monoparentales con niños < 18 años en donde mamá no está en el campo laboral', 5, 'p', 0),
(94, 'Matrimonios con niños < 18 años en donde ambos padres están en la fuerza laboral ', 5, 'p', 0),
(95, 'Familias monoparental con niños < 18 años donde papa está en la fuerza laboral ', 5, 'p', 0),
(96, 'Familias monoparentales con niños < 18 años donde mama está en la fuerza laboral ', 5, 'p', 0),
(97, 'Matrimonios con niños < 18 años donde ambos padres desempleados', 5, 'p', 0),
(98, 'Familias monoparentales con niños < 18 años donde papá está desempleado', 5, 'p', 0),
(99, 'Familias monoparentales con niños < 18 años  donde mamá está desempleada', 5, 'p', 0),
(100, 'Porciento de jóvenes entre 16 y 19 años desempleados', 5, 'p', 0),
(101, 'Población bajo el nivel de pobreza (%)', 5, 'p', 0),
(102, 'Población entre 18 y 24 años bajo el nivel de pobreza (%)', 5, '9', NULL);

-- --------------------------------------------------------

--
-- Table structure for table `indicators_detail`
--

DROP TABLE IF EXISTS `indicators_detail`;
CREATE TABLE IF NOT EXISTS `indicators_detail` (
  `indicator_id` int(11) NOT NULL,
  `year` int(4) NOT NULL,
  `county_id` int(11) NOT NULL,
  `value` decimal(10,2) NOT NULL,
  `updated_at` datetime NOT NULL,
  `created_at` datetime NOT NULL,
  PRIMARY KEY (`indicator_id`,`year`,`county_id`)
) ENGINE=InnoDB DEFAULT CHARSET=latin1;

--
-- Dumping data for table `indicators_detail`
--

INSERT INTO `indicators_detail` (`indicator_id`, `year`, `county_id`, `value`, `updated_at`, `created_at`) VALUES
(1, 2011, 1, '0.00', '2013-06-06 14:03:55', '2013-06-06 14:03:55'),
(1, 2011, 2, '0.00', '2013-06-06 14:03:55', '2013-06-06 14:03:55'),
(1, 2011, 3, '0.00', '2013-06-06 14:03:55', '2013-06-06 14:03:55'),
(1, 2011, 4, '0.00', '2013-06-06 14:03:55', '2013-06-06 14:03:55'),
(1, 2011, 5, '152.75', '2013-06-06 14:03:56', '2013-06-06 14:03:56'),
(1, 2011, 6, '0.00', '2013-06-06 14:03:56', '2013-06-06 14:03:56'),
(1, 2011, 7, '14.04', '2013-06-06 14:03:56', '2013-06-06 14:03:56'),
(1, 2011, 8, '65.27', '2013-06-06 14:03:56', '2013-06-06 14:03:56'),
(1, 2011, 9, '0.00', '2013-06-06 14:03:56', '2013-06-06 14:03:56'),
(1, 2011, 10, '0.00', '2013-06-06 14:03:56', '2013-06-06 14:03:56'),
(1, 2011, 11, '41.25', '2013-06-06 14:03:56', '2013-06-06 14:03:56'),
(1, 2011, 12, '0.00', '2013-06-06 14:03:56', '2013-06-06 14:03:56'),
(1, 2011, 13, '0.00', '2013-06-06 14:03:56', '2013-06-06 14:03:56'),
(1, 2011, 14, '0.00', '2013-06-06 14:03:56', '2013-06-06 14:03:56'),
(1, 2011, 15, '76.26', '2013-06-06 14:03:56', '2013-06-06 14:03:56'),
(1, 2011, 16, '15.47', '2013-06-06 14:03:56', '2013-06-06 14:03:56'),
(1, 2011, 17, '91.32', '2013-06-06 14:03:56', '2013-06-06 14:03:56'),
(1, 2011, 18, '55.73', '2013-06-06 14:03:56', '2013-06-06 14:03:56'),
(1, 2011, 19, '98.04', '2013-06-06 14:03:56', '2013-06-06 14:03:56'),
(1, 2011, 20, '0.00', '2013-06-06 14:03:56', '2013-06-06 14:03:56'),
(1, 2011, 21, '0.00', '2013-06-06 14:03:56', '2013-06-06 14:03:56'),
(1, 2011, 22, '0.00', '2013-06-06 14:03:56', '2013-06-06 14:03:56'),
(1, 2011, 23, '0.00', '2013-06-06 14:03:56', '2013-06-06 14:03:56'),
(1, 2011, 24, '0.00', '2013-06-06 14:03:56', '2013-06-06 14:03:56'),
(1, 2011, 25, '0.00', '2013-06-06 14:03:56', '2013-06-06 14:03:56'),
(1, 2011, 26, '108.30', '2013-06-06 14:03:56', '2013-06-06 14:03:56'),
(1, 2011, 27, '0.00', '2013-06-06 14:03:56', '2013-06-06 14:03:56'),
(1, 2011, 28, '0.00', '2013-06-06 14:03:56', '2013-06-06 14:03:56'),
(1, 2011, 29, '0.00', '2013-06-06 14:03:56', '2013-06-06 14:03:56'),
(1, 2011, 30, '56.43', '2013-06-06 14:03:56', '2013-06-06 14:03:56'),
(1, 2011, 31, '0.00', '2013-06-06 14:03:56', '2013-06-06 14:03:56'),
(1, 2011, 32, '15.12', '2013-06-06 14:03:56', '2013-06-06 14:03:56'),
(1, 2011, 33, '84.99', '2013-06-06 14:03:56', '2013-06-06 14:03:56'),
(1, 2011, 34, '0.00', '2013-06-06 14:03:56', '2013-06-06 14:03:56'),
(1, 2011, 35, '0.00', '2013-06-06 14:03:56', '2013-06-06 14:03:56'),
(1, 2011, 36, '45.74', '2013-06-06 14:03:56', '2013-06-06 14:03:56'),
(1, 2011, 37, '0.00', '2013-06-06 14:03:56', '2013-06-06 14:03:56'),
(1, 2011, 38, '0.00', '2013-06-06 14:03:56', '2013-06-06 14:03:56'),
(1, 2011, 39, '69.61', '2013-06-06 14:03:56', '2013-06-06 14:03:56'),
(1, 2011, 40, '64.54', '2013-06-06 14:03:56', '2013-06-06 14:03:56'),
(1, 2011, 41, '0.00', '2013-06-06 14:03:56', '2013-06-06 14:03:56'),
(1, 2011, 42, '0.00', '2013-06-06 14:03:56', '2013-06-06 14:03:56'),
(1, 2011, 43, '0.00', '2013-06-06 14:03:56', '2013-06-06 14:03:56'),
(1, 2011, 44, '36.08', '2013-06-06 14:03:56', '2013-06-06 14:03:56'),
(1, 2011, 45, '156.13', '2013-06-06 14:03:56', '2013-06-06 14:03:56'),
(1, 2011, 46, '63.17', '2013-06-06 14:03:57', '2013-06-06 14:03:57'),
(1, 2011, 47, '30.17', '2013-06-06 14:03:57', '2013-06-06 14:03:57'),
(1, 2011, 48, '0.00', '2013-06-06 14:03:57', '2013-06-06 14:03:57'),
(1, 2011, 49, '0.00', '2013-06-06 14:03:57', '2013-06-06 14:03:57'),
(1, 2011, 50, '60.20', '2013-06-06 14:03:57', '2013-06-06 14:03:57'),
(1, 2011, 51, '33.76', '2013-06-06 14:03:57', '2013-06-06 14:03:57'),
(1, 2011, 52, '36.70', '2013-06-06 14:03:57', '2013-06-06 14:03:57'),
(1, 2011, 53, '98.14', '2013-06-06 14:03:57', '2013-06-06 14:03:57'),
(1, 2011, 54, '0.00', '2013-06-06 14:03:57', '2013-06-06 14:03:57'),
(1, 2011, 55, '47.37', '2013-06-06 14:03:57', '2013-06-06 14:03:57'),
(1, 2011, 56, '0.00', '2013-06-06 14:03:57', '2013-06-06 14:03:57'),
(1, 2011, 57, '0.00', '2013-06-06 14:03:57', '2013-06-06 14:03:57'),
(1, 2011, 58, '64.31', '2013-06-06 14:03:57', '2013-06-06 14:03:57'),
(1, 2011, 59, '50.63', '2013-06-06 14:03:57', '2013-06-06 14:03:57'),
(1, 2011, 60, '0.00', '2013-06-06 14:03:57', '2013-06-06 14:03:57'),
(1, 2011, 61, '94.23', '2013-06-06 14:03:57', '2013-06-06 14:03:57'),
(1, 2011, 62, '0.00', '2013-06-06 14:03:57', '2013-06-06 14:03:57'),
(1, 2011, 63, '0.00', '2013-06-06 14:03:57', '2013-06-06 14:03:57'),
(1, 2011, 64, '0.00', '2013-06-06 14:03:57', '2013-06-06 14:03:57'),
(1, 2011, 65, '65.80', '2013-06-06 14:03:57', '2013-06-06 14:03:57'),
(1, 2011, 66, '0.00', '2013-06-06 14:03:57', '2013-06-06 14:03:57'),
(1, 2011, 67, '68.19', '2013-06-06 14:03:57', '2013-06-06 14:03:57'),
(1, 2011, 68, '0.00', '2013-06-06 14:03:57', '2013-06-06 14:03:57'),
(1, 2011, 69, '48.19', '2013-06-06 14:03:57', '2013-06-06 14:03:57'),
(1, 2011, 70, '31.15', '2013-06-06 14:03:57', '2013-06-06 14:03:57'),
(1, 2011, 71, '18.12', '2013-06-06 14:03:57', '2013-06-06 14:03:57'),
(1, 2011, 72, '0.00', '2013-06-06 14:03:57', '2013-06-06 14:03:57'),
(1, 2011, 73, '33.57', '2013-06-06 14:03:57', '2013-06-06 14:03:57'),
(1, 2011, 74, '22.29', '2013-06-06 14:03:57', '2013-06-06 14:03:57'),
(1, 2011, 75, '0.00', '2013-06-06 14:03:57', '2013-06-06 14:03:57'),
(1, 2011, 76, '42.55', '2013-06-06 14:03:57', '2013-06-06 14:03:57'),
(1, 2011, 77, '103.63', '2013-06-06 14:03:57', '2013-06-06 14:03:57'),
(1, 2011, 78, '0.00', '2013-06-06 14:03:57', '2013-06-06 14:03:57'),
(2, 2012, 1, '0.00', '2013-06-06 14:03:57', '2013-06-06 14:03:57'),
(2, 2012, 2, '104.73', '2013-06-06 14:03:57', '2013-06-06 14:03:57'),
(2, 2012, 3, '98.69', '2013-06-06 14:03:57', '2013-06-06 14:03:57'),
(2, 2012, 4, '0.00', '2013-06-06 14:03:57', '2013-06-06 14:03:57'),
(2, 2012, 5, '0.00', '2013-06-06 14:03:57', '2013-06-06 14:03:57'),
(2, 2012, 6, '0.00', '2013-06-06 14:03:57', '2013-06-06 14:03:57'),
(2, 2012, 7, '48.00', '2013-06-06 14:03:57', '2013-06-06 14:03:57'),
(2, 2012, 8, '171.62', '2013-06-06 14:03:58', '2013-06-06 14:03:58'),
(2, 2012, 9, '91.74', '2013-06-06 14:03:58', '2013-06-06 14:03:58'),
(2, 2012, 10, '0.00', '2013-06-06 14:03:58', '2013-06-06 14:03:58'),
(2, 2012, 11, '17.11', '2013-06-06 14:03:58', '2013-06-06 14:03:58'),
(2, 2012, 12, '0.00', '2013-06-06 14:03:58', '2013-06-06 14:03:58'),
(2, 2012, 13, '40.55', '2013-06-06 14:03:58', '2013-06-06 14:03:58'),
(2, 2012, 14, '0.00', '2013-06-06 14:03:58', '2013-06-06 14:03:58'),
(2, 2012, 15, '22.10', '2013-06-06 14:03:58', '2013-06-06 14:03:58'),
(2, 2012, 16, '26.32', '2013-06-06 14:03:58', '2013-06-06 14:03:58'),
(2, 2012, 17, '0.00', '2013-06-06 14:03:58', '2013-06-06 14:03:58'),
(2, 2012, 18, '46.40', '2013-06-06 14:03:58', '2013-06-06 14:03:58'),
(2, 2012, 19, '0.00', '2013-06-06 14:03:58', '2013-06-06 14:03:58'),
(2, 2012, 20, '0.00', '2013-06-06 14:03:58', '2013-06-06 14:03:58'),
(2, 2012, 21, '0.00', '2013-06-06 14:03:58', '2013-06-06 14:03:58'),
(2, 2012, 22, '27.12', '2013-06-06 14:03:58', '2013-06-06 14:03:58'),
(2, 2012, 23, '150.36', '2013-06-06 14:03:58', '2013-06-06 14:03:58'),
(2, 2012, 24, '57.21', '2013-06-06 14:03:58', '2013-06-06 14:03:58'),
(2, 2012, 25, '0.00', '2013-06-06 14:03:58', '2013-06-06 14:03:58'),
(2, 2012, 26, '31.97', '2013-06-06 14:03:58', '2013-06-06 14:03:58'),
(2, 2012, 27, '0.00', '2013-06-06 14:03:58', '2013-06-06 14:03:58'),
(2, 2012, 28, '0.00', '2013-06-06 14:03:58', '2013-06-06 14:03:58'),
(2, 2012, 29, '0.00', '2013-06-06 14:03:58', '2013-06-06 14:03:58'),
(2, 2012, 30, '97.43', '2013-06-06 14:03:58', '2013-06-06 14:03:58'),
(2, 2012, 31, '0.00', '2013-06-06 14:03:58', '2013-06-06 14:03:58'),
(2, 2012, 32, '0.00', '2013-06-06 14:03:58', '2013-06-06 14:03:58'),
(2, 2012, 33, '0.00', '2013-06-06 14:03:58', '2013-06-06 14:03:58'),
(2, 2012, 34, '0.00', '2013-06-06 14:03:58', '2013-06-06 14:03:58'),
(2, 2012, 35, '76.97', '2013-06-06 14:03:58', '2013-06-06 14:03:58'),
(2, 2012, 36, '19.47', '2013-06-06 14:03:58', '2013-06-06 14:03:58'),
(2, 2012, 37, '51.98', '2013-06-06 14:03:58', '2013-06-06 14:03:58'),
(2, 2012, 38, '0.00', '2013-06-06 14:03:58', '2013-06-06 14:03:58'),
(2, 2012, 39, '40.66', '2013-06-06 14:03:58', '2013-06-06 14:03:58'),
(2, 2012, 40, '27.86', '2013-06-06 14:03:58', '2013-06-06 14:03:58'),
(2, 2012, 41, '0.00', '2013-06-06 14:03:59', '2013-06-06 14:03:59'),
(2, 2012, 42, '0.00', '2013-06-06 14:03:59', '2013-06-06 14:03:59'),
(2, 2012, 43, '0.00', '2013-06-06 14:03:59', '2013-06-06 14:03:59'),
(2, 2012, 44, '0.00', '2013-06-06 14:03:59', '2013-06-06 14:03:59'),
(2, 2012, 45, '65.72', '2013-06-06 14:03:59', '2013-06-06 14:03:59'),
(2, 2012, 46, '0.00', '2013-06-06 14:03:59', '2013-06-06 14:03:59'),
(2, 2012, 47, '131.61', '2013-06-06 14:03:59', '2013-06-06 14:03:59'),
(2, 2012, 48, '0.00', '2013-06-06 14:03:59', '2013-06-06 14:03:59'),
(2, 2012, 49, '0.00', '2013-06-06 14:03:59', '2013-06-06 14:03:59'),
(2, 2012, 50, '104.39', '2013-06-06 14:03:59', '2013-06-06 14:03:59'),
(2, 2012, 51, '0.00', '2013-06-06 14:03:59', '2013-06-06 14:03:59'),
(2, 2012, 52, '30.93', '2013-06-06 14:03:59', '2013-06-06 14:03:59'),
(2, 2012, 53, '0.00', '2013-06-06 14:03:59', '2013-06-06 14:03:59'),
(2, 2012, 54, '0.00', '2013-06-06 14:03:59', '2013-06-06 14:03:59'),
(2, 2012, 55, '82.90', '2013-06-06 14:03:59', '2013-06-06 14:03:59'),
(2, 2012, 56, '0.00', '2013-06-06 14:03:59', '2013-06-06 14:03:59'),
(2, 2012, 57, '0.00', '2013-06-06 14:03:59', '2013-06-06 14:03:59'),
(2, 2012, 58, '73.55', '2013-06-06 14:03:59', '2013-06-06 14:03:59'),
(2, 2012, 59, '0.00', '2013-06-06 14:03:59', '2013-06-06 14:03:59'),
(2, 2012, 60, '179.53', '2013-06-06 14:03:59', '2013-06-06 14:03:59'),
(2, 2012, 61, '0.00', '2013-06-06 14:03:59', '2013-06-06 14:03:59'),
(2, 2012, 62, '92.70', '2013-06-06 14:03:59', '2013-06-06 14:03:59'),
(2, 2012, 63, '33.09', '2013-06-06 14:03:59', '2013-06-06 14:03:59'),
(2, 2012, 64, '32.07', '2013-06-06 14:03:59', '2013-06-06 14:03:59'),
(2, 2012, 65, '34.36', '2013-06-06 14:03:59', '2013-06-06 14:03:59'),
(2, 2012, 66, '0.00', '2013-06-06 14:03:59', '2013-06-06 14:03:59'),
(2, 2012, 67, '0.00', '2013-06-06 14:03:59', '2013-06-06 14:03:59'),
(2, 2012, 68, '45.91', '2013-06-06 14:03:59', '2013-06-06 14:03:59'),
(2, 2012, 69, '0.00', '2013-06-06 14:03:59', '2013-06-06 14:03:59'),
(2, 2012, 70, '25.84', '2013-06-06 14:03:59', '2013-06-06 14:03:59'),
(2, 2012, 71, '0.00', '2013-06-06 14:03:59', '2013-06-06 14:03:59'),
(2, 2012, 72, '65.81', '2013-06-06 14:03:59', '2013-06-06 14:03:59'),
(2, 2012, 73, '28.23', '2013-06-06 14:03:59', '2013-06-06 14:03:59'),
(2, 2012, 74, '38.41', '2013-06-06 14:03:59', '2013-06-06 14:03:59'),
(2, 2012, 75, '0.00', '2013-06-06 14:03:59', '2013-06-06 14:03:59'),
(2, 2012, 76, '36.94', '2013-06-06 14:03:59', '2013-06-06 14:03:59'),
(2, 2012, 77, '29.62', '2013-06-06 14:03:59', '2013-06-06 14:03:59'),
(2, 2012, 78, '0.00', '2013-06-06 14:03:59', '2013-06-06 14:03:59'),
(3, 2010, 1, '202.00', '2013-06-06 14:03:59', '2013-06-06 14:03:59'),
(3, 2010, 2, '415.00', '2013-06-06 14:03:59', '2013-06-06 14:03:59'),
(3, 2010, 3, '602.00', '2013-06-06 14:04:00', '2013-06-06 14:04:00'),
(3, 2010, 4, '333.00', '2013-06-06 14:04:00', '2013-06-06 14:04:00'),
(3, 2010, 5, '332.00', '2013-06-06 14:04:00', '2013-06-06 14:04:00'),
(3, 2010, 6, '313.00', '2013-06-06 14:04:00', '2013-06-06 14:04:00'),
(3, 2010, 7, '991.00', '2013-06-06 14:04:00', '2013-06-06 14:04:00'),
(3, 2010, 8, '237.00', '2013-06-06 14:04:00', '2013-06-06 14:04:00'),
(3, 2010, 9, '294.00', '2013-06-06 14:04:00', '2013-06-06 14:04:00'),
(3, 2010, 10, '394.00', '2013-06-06 14:04:00', '2013-06-06 14:04:00'),
(3, 2010, 11, '2355.00', '2013-06-06 14:04:00', '2013-06-06 14:04:00'),
(3, 2010, 12, '532.00', '2013-06-06 14:04:00', '2013-06-06 14:04:00'),
(3, 2010, 13, '1640.00', '2013-06-06 14:04:00', '2013-06-06 14:04:00'),
(3, 2010, 14, '357.00', '2013-06-06 14:04:00', '2013-06-06 14:04:00'),
(3, 2010, 15, '673.00', '2013-06-06 14:04:00', '2013-06-06 14:04:00'),
(3, 2010, 16, '1951.00', '2013-06-06 14:04:00', '2013-06-06 14:04:00'),
(3, 2010, 17, '325.00', '2013-06-06 14:04:00', '2013-06-06 14:04:00'),
(3, 2010, 18, '542.00', '2013-06-06 14:04:00', '2013-06-06 14:04:00'),
(3, 2010, 19, '159.00', '2013-06-06 14:04:00', '2013-06-06 14:04:00'),
(3, 2010, 20, '244.00', '2013-06-06 14:04:00', '2013-06-06 14:04:00'),
(3, 2010, 21, '543.00', '2013-06-06 14:04:00', '2013-06-06 14:04:00'),
(3, 2010, 22, '484.00', '2013-06-06 14:04:00', '2013-06-06 14:04:00'),
(3, 2010, 23, '223.00', '2013-06-06 14:04:00', '2013-06-06 14:04:00'),
(3, 2010, 24, '492.00', '2013-06-06 14:04:00', '2013-06-06 14:04:00'),
(3, 2010, 25, '20.00', '2013-06-06 14:04:00', '2013-06-06 14:04:00'),
(3, 2010, 26, '449.00', '2013-06-06 14:04:00', '2013-06-06 14:04:00'),
(3, 2010, 27, '459.00', '2013-06-06 14:04:00', '2013-06-06 14:04:00'),
(3, 2010, 28, '147.00', '2013-06-06 14:04:00', '2013-06-06 14:04:00'),
(3, 2010, 29, '225.00', '2013-06-06 14:04:00', '2013-06-06 14:04:00'),
(3, 2010, 30, '512.00', '2013-06-06 14:04:00', '2013-06-06 14:04:00'),
(3, 2010, 31, '274.00', '2013-06-06 14:04:00', '2013-06-06 14:04:00'),
(3, 2010, 32, '983.00', '2013-06-06 14:04:00', '2013-06-06 14:04:00'),
(3, 2010, 33, '496.00', '2013-06-06 14:04:00', '2013-06-06 14:04:00'),
(3, 2010, 34, '427.00', '2013-06-06 14:04:00', '2013-06-06 14:04:00'),
(3, 2010, 35, '185.00', '2013-06-06 14:04:00', '2013-06-06 14:04:00'),
(3, 2010, 36, '686.00', '2013-06-06 14:04:00', '2013-06-06 14:04:00'),
(3, 2010, 37, '469.00', '2013-06-06 14:04:00', '2013-06-06 14:04:00'),
(3, 2010, 38, '221.00', '2013-06-06 14:04:00', '2013-06-06 14:04:00'),
(3, 2010, 39, '615.00', '2013-06-06 14:04:00', '2013-06-06 14:04:00'),
(3, 2010, 40, '445.00', '2013-06-06 14:04:00', '2013-06-06 14:04:00'),
(3, 2010, 41, '270.00', '2013-06-06 14:04:00', '2013-06-06 14:04:00'),
(3, 2010, 42, '328.00', '2013-06-06 14:04:00', '2013-06-06 14:04:00'),
(3, 2010, 43, '123.00', '2013-06-06 14:04:01', '2013-06-06 14:04:01'),
(3, 2010, 44, '461.00', '2013-06-06 14:04:01', '2013-06-06 14:04:01'),
(3, 2010, 45, '320.00', '2013-06-06 14:04:01', '2013-06-06 14:04:01'),
(3, 2010, 46, '242.00', '2013-06-06 14:04:01', '2013-06-06 14:04:01'),
(3, 2010, 47, '508.00', '2013-06-06 14:04:01', '2013-06-06 14:04:01'),
(3, 2010, 48, '44.00', '2013-06-06 14:04:01', '2013-06-06 14:04:01'),
(3, 2010, 49, '143.00', '2013-06-06 14:04:01', '2013-06-06 14:04:01'),
(3, 2010, 50, '862.00', '2013-06-06 14:04:01', '2013-06-06 14:04:01'),
(3, 2010, 51, '459.00', '2013-06-06 14:04:01', '2013-06-06 14:04:01'),
(3, 2010, 52, '391.00', '2013-06-06 14:04:01', '2013-06-06 14:04:01'),
(3, 2010, 53, '319.00', '2013-06-06 14:04:01', '2013-06-06 14:04:01'),
(3, 2010, 54, '375.00', '2013-06-06 14:04:01', '2013-06-06 14:04:01'),
(3, 2010, 55, '300.00', '2013-06-06 14:04:01', '2013-06-06 14:04:01'),
(3, 2010, 56, '212.00', '2013-06-06 14:04:01', '2013-06-06 14:04:01'),
(3, 2010, 57, '340.00', '2013-06-06 14:04:01', '2013-06-06 14:04:01'),
(3, 2010, 58, '2107.00', '2013-06-06 14:04:01', '2013-06-06 14:04:01'),
(3, 2010, 59, '303.00', '2013-06-06 14:04:01', '2013-06-06 14:04:01'),
(3, 2010, 60, '128.00', '2013-06-06 14:04:01', '2013-06-06 14:04:01'),
(3, 2010, 61, '590.00', '2013-06-06 14:04:01', '2013-06-06 14:04:01'),
(3, 2010, 62, '295.00', '2013-06-06 14:04:01', '2013-06-06 14:04:01'),
(3, 2010, 63, '377.00', '2013-06-06 14:04:01', '2013-06-06 14:04:01'),
(3, 2010, 64, '391.00', '2013-06-06 14:04:01', '2013-06-06 14:04:01'),
(3, 2010, 65, '4307.00', '2013-06-06 14:04:01', '2013-06-06 14:04:01'),
(3, 2010, 66, '430.00', '2013-06-06 14:04:01', '2013-06-06 14:04:01'),
(3, 2010, 67, '448.00', '2013-06-06 14:04:01', '2013-06-06 14:04:01'),
(3, 2010, 68, '291.00', '2013-06-06 14:04:01', '2013-06-06 14:04:01'),
(3, 2010, 69, '814.00', '2013-06-06 14:04:01', '2013-06-06 14:04:01'),
(3, 2010, 70, '998.00', '2013-06-06 14:04:01', '2013-06-06 14:04:01'),
(3, 2010, 71, '821.00', '2013-06-06 14:04:01', '2013-06-06 14:04:01'),
(3, 2010, 72, '359.00', '2013-06-06 14:04:01', '2013-06-06 14:04:01'),
(3, 2010, 73, '478.00', '2013-06-06 14:04:01', '2013-06-06 14:04:01'),
(3, 2010, 74, '660.00', '2013-06-06 14:04:01', '2013-06-06 14:04:01'),
(3, 2010, 75, '130.00', '2013-06-06 14:04:01', '2013-06-06 14:04:01'),
(3, 2010, 76, '309.00', '2013-06-06 14:04:01', '2013-06-06 14:04:01'),
(3, 2010, 77, '411.00', '2013-06-06 14:04:01', '2013-06-06 14:04:01'),
(3, 2010, 78, '499.00', '2013-06-06 14:04:01', '2013-06-06 14:04:01'),
(4, 2010, 1, '34.00', '2013-06-06 14:04:01', '2013-06-06 14:04:01'),
(4, 2010, 2, '58.00', '2013-06-06 14:04:02', '2013-06-06 14:04:02'),
(4, 2010, 3, '106.00', '2013-06-06 14:04:02', '2013-06-06 14:04:02'),
(4, 2010, 4, '67.00', '2013-06-06 14:04:02', '2013-06-06 14:04:02'),
(4, 2010, 5, '81.00', '2013-06-06 14:04:02', '2013-06-06 14:04:02'),
(4, 2010, 6, '47.00', '2013-06-06 14:04:02', '2013-06-06 14:04:02'),
(4, 2010, 7, '179.00', '2013-06-06 14:04:02', '2013-06-06 14:04:02'),
(4, 2010, 8, '44.00', '2013-06-06 14:04:02', '2013-06-06 14:04:02'),
(4, 2010, 9, '46.00', '2013-06-06 14:04:02', '2013-06-06 14:04:02'),
(4, 2010, 10, '83.00', '2013-06-06 14:04:02', '2013-06-06 14:04:02'),
(4, 2010, 11, '367.00', '2013-06-06 14:04:02', '2013-06-06 14:04:02'),
(4, 2010, 12, '72.00', '2013-06-06 14:04:02', '2013-06-06 14:04:02'),
(4, 2010, 13, '236.00', '2013-06-06 14:04:02', '2013-06-06 14:04:02'),
(4, 2010, 14, '65.00', '2013-06-06 14:04:02', '2013-06-06 14:04:02'),
(4, 2010, 15, '141.00', '2013-06-06 14:04:02', '2013-06-06 14:04:02'),
(4, 2010, 16, '259.00', '2013-06-06 14:04:02', '2013-06-06 14:04:02'),
(4, 2010, 17, '80.00', '2013-06-06 14:04:02', '2013-06-06 14:04:02'),
(4, 2010, 18, '106.00', '2013-06-06 14:04:02', '2013-06-06 14:04:02'),
(4, 2010, 19, '20.00', '2013-06-06 14:04:02', '2013-06-06 14:04:02'),
(4, 2010, 20, '40.00', '2013-06-06 14:04:02', '2013-06-06 14:04:02'),
(4, 2010, 21, '94.00', '2013-06-06 14:04:02', '2013-06-06 14:04:02'),
(4, 2010, 22, '95.00', '2013-06-06 14:04:02', '2013-06-06 14:04:02'),
(4, 2010, 23, '40.00', '2013-06-06 14:04:02', '2013-06-06 14:04:02'),
(4, 2010, 24, '96.00', '2013-06-06 14:04:02', '2013-06-06 14:04:02'),
(4, 2010, 25, '1.00', '2013-06-06 14:04:02', '2013-06-06 14:04:02'),
(4, 2010, 26, '64.00', '2013-06-06 14:04:02', '2013-06-06 14:04:02'),
(4, 2010, 27, '93.00', '2013-06-06 14:04:02', '2013-06-06 14:04:02'),
(4, 2010, 28, '40.00', '2013-06-06 14:04:02', '2013-06-06 14:04:02'),
(4, 2010, 29, '49.00', '2013-06-06 14:04:02', '2013-06-06 14:04:02'),
(4, 2010, 30, '96.00', '2013-06-06 14:04:02', '2013-06-06 14:04:02'),
(4, 2010, 31, '47.00', '2013-06-06 14:04:02', '2013-06-06 14:04:02'),
(4, 2010, 32, '110.00', '2013-06-06 14:04:02', '2013-06-06 14:04:02'),
(4, 2010, 33, '74.00', '2013-06-06 14:04:02', '2013-06-06 14:04:02'),
(4, 2010, 34, '70.00', '2013-06-06 14:04:02', '2013-06-06 14:04:02'),
(4, 2010, 35, '23.00', '2013-06-06 14:04:02', '2013-06-06 14:04:02'),
(4, 2010, 36, '136.00', '2013-06-06 14:04:02', '2013-06-06 14:04:02'),
(4, 2010, 37, '69.00', '2013-06-06 14:04:02', '2013-06-06 14:04:02'),
(4, 2010, 38, '46.00', '2013-06-06 14:04:02', '2013-06-06 14:04:02'),
(4, 2010, 39, '117.00', '2013-06-06 14:04:02', '2013-06-06 14:04:02'),
(4, 2010, 40, '74.00', '2013-06-06 14:04:02', '2013-06-06 14:04:02'),
(4, 2010, 41, '42.00', '2013-06-06 14:04:02', '2013-06-06 14:04:02'),
(4, 2010, 42, '58.00', '2013-06-06 14:04:03', '2013-06-06 14:04:03'),
(4, 2010, 43, '26.00', '2013-06-06 14:04:03', '2013-06-06 14:04:03'),
(4, 2010, 44, '59.00', '2013-06-06 14:04:03', '2013-06-06 14:04:03'),
(4, 2010, 45, '69.00', '2013-06-06 14:04:03', '2013-06-06 14:04:03'),
(4, 2010, 46, '44.00', '2013-06-06 14:04:03', '2013-06-06 14:04:03'),
(4, 2010, 47, '101.00', '2013-06-06 14:04:03', '2013-06-06 14:04:03'),
(4, 2010, 48, '9.00', '2013-06-06 14:04:03', '2013-06-06 14:04:03'),
(4, 2010, 49, '35.00', '2013-06-06 14:04:03', '2013-06-06 14:04:03'),
(4, 2010, 50, '165.00', '2013-06-06 14:04:03', '2013-06-06 14:04:03'),
(4, 2010, 51, '67.00', '2013-06-06 14:04:03', '2013-06-06 14:04:03'),
(4, 2010, 52, '87.00', '2013-06-06 14:04:03', '2013-06-06 14:04:03'),
(4, 2010, 53, '46.00', '2013-06-06 14:04:03', '2013-06-06 14:04:03'),
(4, 2010, 54, '72.00', '2013-06-06 14:04:03', '2013-06-06 14:04:03'),
(4, 2010, 55, '66.00', '2013-06-06 14:04:03', '2013-06-06 14:04:03'),
(4, 2010, 56, '52.00', '2013-06-06 14:04:03', '2013-06-06 14:04:03'),
(4, 2010, 57, '51.00', '2013-06-06 14:04:03', '2013-06-06 14:04:03'),
(4, 2010, 58, '385.00', '2013-06-06 14:04:03', '2013-06-06 14:04:03'),
(4, 2010, 59, '45.00', '2013-06-06 14:04:03', '2013-06-06 14:04:03'),
(4, 2010, 60, '26.00', '2013-06-06 14:04:03', '2013-06-06 14:04:03'),
(4, 2010, 61, '88.00', '2013-06-06 14:04:03', '2013-06-06 14:04:03'),
(4, 2010, 62, '49.00', '2013-06-06 14:04:03', '2013-06-06 14:04:03'),
(4, 2010, 63, '90.00', '2013-06-06 14:04:03', '2013-06-06 14:04:03'),
(4, 2010, 64, '68.00', '2013-06-06 14:04:03', '2013-06-06 14:04:03'),
(4, 2010, 65, '704.00', '2013-06-06 14:04:03', '2013-06-06 14:04:03'),
(4, 2010, 66, '61.00', '2013-06-06 14:04:03', '2013-06-06 14:04:03'),
(4, 2010, 67, '81.00', '2013-06-06 14:04:03', '2013-06-06 14:04:03'),
(4, 2010, 68, '62.00', '2013-06-06 14:04:03', '2013-06-06 14:04:03'),
(4, 2010, 69, '103.00', '2013-06-06 14:04:03', '2013-06-06 14:04:03'),
(4, 2010, 70, '147.00', '2013-06-06 14:04:03', '2013-06-06 14:04:03'),
(4, 2010, 71, '113.00', '2013-06-06 14:04:03', '2013-06-06 14:04:03'),
(4, 2010, 72, '88.00', '2013-06-06 14:04:03', '2013-06-06 14:04:03'),
(4, 2010, 73, '78.00', '2013-06-06 14:04:03', '2013-06-06 14:04:03'),
(4, 2010, 74, '128.00', '2013-06-06 14:04:03', '2013-06-06 14:04:03'),
(4, 2010, 75, '42.00', '2013-06-06 14:04:03', '2013-06-06 14:04:03'),
(4, 2010, 76, '91.00', '2013-06-06 14:04:03', '2013-06-06 14:04:03'),
(4, 2010, 77, '110.00', '2013-06-06 14:04:03', '2013-06-06 14:04:03'),
(4, 2010, 78, '135.00', '2013-06-06 14:04:03', '2013-06-06 14:04:03'),
(5, 2010, 1, '0.00', '2013-06-06 14:04:03', '2013-06-06 14:04:03'),
(5, 2010, 2, '1.00', '2013-06-06 14:04:03', '2013-06-06 14:04:03'),
(5, 2010, 3, '2.00', '2013-06-06 14:04:03', '2013-06-06 14:04:03'),
(5, 2010, 4, '0.00', '2013-06-06 14:04:04', '2013-06-06 14:04:04'),
(5, 2010, 5, '1.00', '2013-06-06 14:04:04', '2013-06-06 14:04:04'),
(5, 2010, 6, '0.00', '2013-06-06 14:04:04', '2013-06-06 14:04:04'),
(5, 2010, 7, '1.00', '2013-06-06 14:04:04', '2013-06-06 14:04:04'),
(5, 2010, 8, '0.00', '2013-06-06 14:04:04', '2013-06-06 14:04:04'),
(5, 2010, 9, '2.00', '2013-06-06 14:04:04', '2013-06-06 14:04:04'),
(5, 2010, 10, '2.00', '2013-06-06 14:04:04', '2013-06-06 14:04:04'),
(5, 2010, 11, '5.00', '2013-06-06 14:04:04', '2013-06-06 14:04:04'),
(5, 2010, 12, '1.00', '2013-06-06 14:04:04', '2013-06-06 14:04:04'),
(5, 2010, 13, '1.00', '2013-06-06 14:04:04', '2013-06-06 14:04:04'),
(5, 2010, 14, '1.00', '2013-06-06 14:04:04', '2013-06-06 14:04:04'),
(5, 2010, 15, '3.00', '2013-06-06 14:04:04', '2013-06-06 14:04:04'),
(5, 2010, 16, '6.00', '2013-06-06 14:04:04', '2013-06-06 14:04:04'),
(5, 2010, 17, '1.00', '2013-06-06 14:04:04', '2013-06-06 14:04:04'),
(5, 2010, 18, '0.00', '2013-06-06 14:04:04', '2013-06-06 14:04:04'),
(5, 2010, 19, '1.00', '2013-06-06 14:04:04', '2013-06-06 14:04:04'),
(5, 2010, 20, '0.00', '2013-06-06 14:04:04', '2013-06-06 14:04:04'),
(5, 2010, 21, '1.00', '2013-06-06 14:04:04', '2013-06-06 14:04:04'),
(5, 2010, 22, '0.00', '2013-06-06 14:04:04', '2013-06-06 14:04:04'),
(5, 2010, 23, '0.00', '2013-06-06 14:04:04', '2013-06-06 14:04:04'),
(5, 2010, 24, '1.00', '2013-06-06 14:04:04', '2013-06-06 14:04:04'),
(5, 2010, 25, '0.00', '2013-06-06 14:04:04', '2013-06-06 14:04:04'),
(5, 2010, 26, '2.00', '2013-06-06 14:04:04', '2013-06-06 14:04:04'),
(5, 2010, 27, '1.00', '2013-06-06 14:04:04', '2013-06-06 14:04:04'),
(5, 2010, 28, '1.00', '2013-06-06 14:04:04', '2013-06-06 14:04:04'),
(5, 2010, 29, '2.00', '2013-06-06 14:04:04', '2013-06-06 14:04:04'),
(5, 2010, 30, '2.00', '2013-06-06 14:04:04', '2013-06-06 14:04:04'),
(5, 2010, 31, '0.00', '2013-06-06 14:04:04', '2013-06-06 14:04:04'),
(5, 2010, 32, '0.00', '2013-06-06 14:04:04', '2013-06-06 14:04:04'),
(5, 2010, 33, '1.00', '2013-06-06 14:04:04', '2013-06-06 14:04:04'),
(5, 2010, 34, '1.00', '2013-06-06 14:04:04', '2013-06-06 14:04:04'),
(5, 2010, 35, '0.00', '2013-06-06 14:04:04', '2013-06-06 14:04:04'),
(5, 2010, 36, '1.00', '2013-06-06 14:04:04', '2013-06-06 14:04:04'),
(5, 2010, 37, '0.00', '2013-06-06 14:04:04', '2013-06-06 14:04:04'),
(5, 2010, 38, '1.00', '2013-06-06 14:04:04', '2013-06-06 14:04:04'),
(5, 2010, 39, '1.00', '2013-06-06 14:04:04', '2013-06-06 14:04:04'),
(5, 2010, 40, '1.00', '2013-06-06 14:04:04', '2013-06-06 14:04:04'),
(5, 2010, 41, '0.00', '2013-06-06 14:04:04', '2013-06-06 14:04:04'),
(5, 2010, 42, '0.00', '2013-06-06 14:04:04', '2013-06-06 14:04:04'),
(5, 2010, 43, '0.00', '2013-06-06 14:04:04', '2013-06-06 14:04:04'),
(5, 2010, 44, '1.00', '2013-06-06 14:04:04', '2013-06-06 14:04:04'),
(5, 2010, 45, '2.00', '2013-06-06 14:04:05', '2013-06-06 14:04:05'),
(5, 2010, 46, '0.00', '2013-06-06 14:04:05', '2013-06-06 14:04:05'),
(5, 2010, 47, '2.00', '2013-06-06 14:04:05', '2013-06-06 14:04:05'),
(5, 2010, 48, '0.00', '2013-06-06 14:04:05', '2013-06-06 14:04:05'),
(5, 2010, 49, '0.00', '2013-06-06 14:04:05', '2013-06-06 14:04:05'),
(5, 2010, 50, '3.00', '2013-06-06 14:04:05', '2013-06-06 14:04:05'),
(5, 2010, 51, '1.00', '2013-06-06 14:04:05', '2013-06-06 14:04:05'),
(5, 2010, 52, '2.00', '2013-06-06 14:04:05', '2013-06-06 14:04:05'),
(5, 2010, 53, '0.00', '2013-06-06 14:04:05', '2013-06-06 14:04:05'),
(5, 2010, 54, '0.00', '2013-06-06 14:04:05', '2013-06-06 14:04:05'),
(5, 2010, 55, '0.00', '2013-06-06 14:04:05', '2013-06-06 14:04:05'),
(5, 2010, 56, '0.00', '2013-06-06 14:04:05', '2013-06-06 14:04:05'),
(5, 2010, 57, '2.00', '2013-06-06 14:04:05', '2013-06-06 14:04:05'),
(5, 2010, 58, '5.00', '2013-06-06 14:04:05', '2013-06-06 14:04:05'),
(5, 2010, 59, '0.00', '2013-06-06 14:04:05', '2013-06-06 14:04:05'),
(5, 2010, 60, '1.00', '2013-06-06 14:04:05', '2013-06-06 14:04:05'),
(5, 2010, 61, '0.00', '2013-06-06 14:04:05', '2013-06-06 14:04:05'),
(5, 2010, 62, '1.00', '2013-06-06 14:04:05', '2013-06-06 14:04:05'),
(5, 2010, 63, '0.00', '2013-06-06 14:04:05', '2013-06-06 14:04:05'),
(5, 2010, 64, '1.00', '2013-06-06 14:04:05', '2013-06-06 14:04:05'),
(5, 2010, 65, '9.00', '2013-06-06 14:04:05', '2013-06-06 14:04:05'),
(5, 2010, 66, '1.00', '2013-06-06 14:04:05', '2013-06-06 14:04:05'),
(5, 2010, 67, '1.00', '2013-06-06 14:04:05', '2013-06-06 14:04:05'),
(5, 2010, 68, '1.00', '2013-06-06 14:04:05', '2013-06-06 14:04:05'),
(5, 2010, 69, '0.00', '2013-06-06 14:04:05', '2013-06-06 14:04:05'),
(5, 2010, 70, '1.00', '2013-06-06 14:04:05', '2013-06-06 14:04:05'),
(5, 2010, 71, '2.00', '2013-06-06 14:04:05', '2013-06-06 14:04:05'),
(5, 2010, 72, '2.00', '2013-06-06 14:04:05', '2013-06-06 14:04:05'),
(5, 2010, 73, '1.00', '2013-06-06 14:04:05', '2013-06-06 14:04:05'),
(5, 2010, 74, '3.00', '2013-06-06 14:04:05', '2013-06-06 14:04:05'),
(5, 2010, 75, '17.00', '2013-06-06 14:04:05', '2013-06-06 14:04:05'),
(5, 2010, 76, '21.00', '2013-06-06 14:04:05', '2013-06-06 14:04:05'),
(5, 2010, 77, '38.00', '2013-06-06 14:04:05', '2013-06-06 14:04:05'),
(5, 2010, 78, '40.00', '2013-06-06 14:04:05', '2013-06-06 14:04:05'),
(6, 2010, 1, '34.00', '2013-06-06 14:04:05', '2013-06-06 14:04:05'),
(6, 2010, 2, '57.00', '2013-06-06 14:04:05', '2013-06-06 14:04:05'),
(6, 2010, 3, '104.00', '2013-06-06 14:04:05', '2013-06-06 14:04:05'),
(6, 2010, 4, '67.00', '2013-06-06 14:04:05', '2013-06-06 14:04:05'),
(6, 2010, 5, '80.00', '2013-06-06 14:04:05', '2013-06-06 14:04:05'),
(6, 2010, 6, '47.00', '2013-06-06 14:04:05', '2013-06-06 14:04:05'),
(6, 2010, 7, '178.00', '2013-06-06 14:04:06', '2013-06-06 14:04:06'),
(6, 2010, 8, '44.00', '2013-06-06 14:04:06', '2013-06-06 14:04:06'),
(6, 2010, 9, '44.00', '2013-06-06 14:04:06', '2013-06-06 14:04:06'),
(6, 2010, 10, '81.00', '2013-06-06 14:04:06', '2013-06-06 14:04:06'),
(6, 2010, 11, '362.00', '2013-06-06 14:04:06', '2013-06-06 14:04:06'),
(6, 2010, 12, '71.00', '2013-06-06 14:04:06', '2013-06-06 14:04:06'),
(6, 2010, 13, '235.00', '2013-06-06 14:04:06', '2013-06-06 14:04:06'),
(6, 2010, 14, '64.00', '2013-06-06 14:04:06', '2013-06-06 14:04:06'),
(6, 2010, 15, '138.00', '2013-06-06 14:04:06', '2013-06-06 14:04:06'),
(6, 2010, 16, '253.00', '2013-06-06 14:04:06', '2013-06-06 14:04:06'),
(6, 2010, 17, '79.00', '2013-06-06 14:04:06', '2013-06-06 14:04:06'),
(6, 2010, 18, '106.00', '2013-06-06 14:04:06', '2013-06-06 14:04:06'),
(6, 2010, 19, '19.00', '2013-06-06 14:04:06', '2013-06-06 14:04:06'),
(6, 2010, 20, '40.00', '2013-06-06 14:04:06', '2013-06-06 14:04:06'),
(6, 2010, 21, '93.00', '2013-06-06 14:04:06', '2013-06-06 14:04:06'),
(6, 2010, 22, '95.00', '2013-06-06 14:04:06', '2013-06-06 14:04:06'),
(6, 2010, 23, '40.00', '2013-06-06 14:04:06', '2013-06-06 14:04:06'),
(6, 2010, 24, '95.00', '2013-06-06 14:04:06', '2013-06-06 14:04:06'),
(6, 2010, 25, '1.00', '2013-06-06 14:04:06', '2013-06-06 14:04:06'),
(6, 2010, 26, '62.00', '2013-06-06 14:04:06', '2013-06-06 14:04:06'),
(6, 2010, 27, '92.00', '2013-06-06 14:04:06', '2013-06-06 14:04:06'),
(6, 2010, 28, '39.00', '2013-06-06 14:04:06', '2013-06-06 14:04:06'),
(6, 2010, 29, '47.00', '2013-06-06 14:04:06', '2013-06-06 14:04:06'),
(6, 2010, 30, '94.00', '2013-06-06 14:04:06', '2013-06-06 14:04:06'),
(6, 2010, 31, '47.00', '2013-06-06 14:04:06', '2013-06-06 14:04:06'),
(6, 2010, 32, '110.00', '2013-06-06 14:04:06', '2013-06-06 14:04:06'),
(6, 2010, 33, '73.00', '2013-06-06 14:04:06', '2013-06-06 14:04:06'),
(6, 2010, 34, '69.00', '2013-06-06 14:04:06', '2013-06-06 14:04:06'),
(6, 2010, 35, '23.00', '2013-06-06 14:04:06', '2013-06-06 14:04:06'),
(6, 2010, 36, '135.00', '2013-06-06 14:04:06', '2013-06-06 14:04:06'),
(6, 2010, 37, '69.00', '2013-06-06 14:04:06', '2013-06-06 14:04:06'),
(6, 2010, 38, '45.00', '2013-06-06 14:04:06', '2013-06-06 14:04:06'),
(6, 2010, 39, '116.00', '2013-06-06 14:04:06', '2013-06-06 14:04:06'),
(6, 2010, 40, '73.00', '2013-06-06 14:04:06', '2013-06-06 14:04:06'),
(6, 2010, 41, '42.00', '2013-06-06 14:04:06', '2013-06-06 14:04:06'),
(6, 2010, 42, '58.00', '2013-06-06 14:04:06', '2013-06-06 14:04:06'),
(6, 2010, 43, '26.00', '2013-06-06 14:04:06', '2013-06-06 14:04:06'),
(6, 2010, 44, '58.00', '2013-06-06 14:04:06', '2013-06-06 14:04:06'),
(6, 2010, 45, '67.00', '2013-06-06 14:04:07', '2013-06-06 14:04:07'),
(6, 2010, 46, '44.00', '2013-06-06 14:04:07', '2013-06-06 14:04:07'),
(6, 2010, 47, '99.00', '2013-06-06 14:04:07', '2013-06-06 14:04:07'),
(6, 2010, 48, '9.00', '2013-06-06 14:04:07', '2013-06-06 14:04:07'),
(6, 2010, 49, '35.00', '2013-06-06 14:04:07', '2013-06-06 14:04:07'),
(6, 2010, 50, '162.00', '2013-06-06 14:04:07', '2013-06-06 14:04:07'),
(6, 2010, 51, '66.00', '2013-06-06 14:04:07', '2013-06-06 14:04:07'),
(6, 2010, 52, '85.00', '2013-06-06 14:04:07', '2013-06-06 14:04:07'),
(6, 2010, 53, '46.00', '2013-06-06 14:04:07', '2013-06-06 14:04:07'),
(6, 2010, 54, '72.00', '2013-06-06 14:04:07', '2013-06-06 14:04:07'),
(6, 2010, 55, '66.00', '2013-06-06 14:04:07', '2013-06-06 14:04:07'),
(6, 2010, 56, '52.00', '2013-06-06 14:04:07', '2013-06-06 14:04:07'),
(6, 2010, 57, '49.00', '2013-06-06 14:04:07', '2013-06-06 14:04:07'),
(6, 2010, 58, '380.00', '2013-06-06 14:04:07', '2013-06-06 14:04:07'),
(6, 2010, 59, '45.00', '2013-06-06 14:04:07', '2013-06-06 14:04:07'),
(6, 2010, 60, '25.00', '2013-06-06 14:04:07', '2013-06-06 14:04:07'),
(6, 2010, 61, '88.00', '2013-06-06 14:04:07', '2013-06-06 14:04:07'),
(6, 2010, 62, '48.00', '2013-06-06 14:04:07', '2013-06-06 14:04:07'),
(6, 2010, 63, '90.00', '2013-06-06 14:04:07', '2013-06-06 14:04:07'),
(6, 2010, 64, '67.00', '2013-06-06 14:04:07', '2013-06-06 14:04:07'),
(6, 2010, 65, '695.00', '2013-06-06 14:04:07', '2013-06-06 14:04:07'),
(6, 2010, 66, '60.00', '2013-06-06 14:04:07', '2013-06-06 14:04:07'),
(6, 2010, 67, '80.00', '2013-06-06 14:04:07', '2013-06-06 14:04:07'),
(6, 2010, 68, '61.00', '2013-06-06 14:04:07', '2013-06-06 14:04:07'),
(6, 2010, 69, '103.00', '2013-06-06 14:04:07', '2013-06-06 14:04:07'),
(6, 2010, 70, '146.00', '2013-06-06 14:04:07', '2013-06-06 14:04:07'),
(6, 2010, 71, '111.00', '2013-06-06 14:04:07', '2013-06-06 14:04:07'),
(6, 2010, 72, '86.00', '2013-06-06 14:04:07', '2013-06-06 14:04:07'),
(6, 2010, 73, '77.00', '2013-06-06 14:04:07', '2013-06-06 14:04:07'),
(6, 2010, 74, '125.00', '2013-06-06 14:04:07', '2013-06-06 14:04:07'),
(6, 2010, 75, '25.00', '2013-06-06 14:04:07', '2013-06-06 14:04:07'),
(6, 2010, 76, '70.00', '2013-06-06 14:04:07', '2013-06-06 14:04:07'),
(6, 2010, 77, '72.00', '2013-06-06 14:04:07', '2013-06-06 14:04:07'),
(6, 2010, 78, '95.00', '2013-06-06 14:04:07', '2013-06-06 14:04:07'),
(7, 2010, 1, '0.00', '2013-06-06 14:04:07', '2013-06-06 14:04:07'),
(7, 2010, 2, '0.20', '2013-06-06 14:04:07', '2013-06-06 14:04:07'),
(7, 2010, 3, '0.80', '2013-06-06 14:04:07', '2013-06-06 14:04:07'),
(7, 2010, 4, '0.90', '2013-06-06 14:04:07', '2013-06-06 14:04:07'),
(7, 2010, 5, '0.00', '2013-06-06 14:04:07', '2013-06-06 14:04:07'),
(7, 2010, 6, '0.30', '2013-06-06 14:04:08', '2013-06-06 14:04:08'),
(7, 2010, 7, '1.40', '2013-06-06 14:04:08', '2013-06-06 14:04:08'),
(7, 2010, 8, '0.80', '2013-06-06 14:04:08', '2013-06-06 14:04:08'),
(7, 2010, 9, '0.30', '2013-06-06 14:04:08', '2013-06-06 14:04:08'),
(7, 2010, 10, '0.30', '2013-06-06 14:04:08', '2013-06-06 14:04:08'),
(7, 2010, 11, '0.70', '2013-06-06 14:04:08', '2013-06-06 14:04:08'),
(7, 2010, 12, '0.90', '2013-06-06 14:04:08', '2013-06-06 14:04:08'),
(7, 2010, 13, '0.70', '2013-06-06 14:04:08', '2013-06-06 14:04:08'),
(7, 2010, 14, '1.40', '2013-06-06 14:04:08', '2013-06-06 14:04:08'),
(7, 2010, 15, '0.40', '2013-06-06 14:04:08', '2013-06-06 14:04:08'),
(7, 2010, 16, '0.60', '2013-06-06 14:04:08', '2013-06-06 14:04:08'),
(7, 2010, 17, '0.90', '2013-06-06 14:04:08', '2013-06-06 14:04:08'),
(7, 2010, 18, '0.40', '2013-06-06 14:04:08', '2013-06-06 14:04:08'),
(7, 2010, 19, '0.00', '2013-06-06 14:04:08', '2013-06-06 14:04:08'),
(7, 2010, 20, '0.40', '2013-06-06 14:04:08', '2013-06-06 14:04:08'),
(7, 2010, 21, '0.40', '2013-06-06 14:04:08', '2013-06-06 14:04:08'),
(7, 2010, 22, '0.40', '2013-06-06 14:04:08', '2013-06-06 14:04:08'),
(7, 2010, 23, '0.90', '2013-06-06 14:04:08', '2013-06-06 14:04:08'),
(7, 2010, 24, '0.40', '2013-06-06 14:04:08', '2013-06-06 14:04:08'),
(7, 2010, 25, '0.00', '2013-06-06 14:04:08', '2013-06-06 14:04:08'),
(7, 2010, 26, '0.20', '2013-06-06 14:04:08', '2013-06-06 14:04:08'),
(7, 2010, 27, '1.10', '2013-06-06 14:04:08', '2013-06-06 14:04:08'),
(7, 2010, 28, '1.40', '2013-06-06 14:04:08', '2013-06-06 14:04:08'),
(7, 2010, 29, '0.40', '2013-06-06 14:04:08', '2013-06-06 14:04:08'),
(7, 2010, 30, '0.60', '2013-06-06 14:04:08', '2013-06-06 14:04:08'),
(7, 2010, 31, '0.40', '2013-06-06 14:04:08', '2013-06-06 14:04:08'),
(7, 2010, 32, '0.60', '2013-06-06 14:04:08', '2013-06-06 14:04:08'),
(7, 2010, 33, '0.80', '2013-06-06 14:04:08', '2013-06-06 14:04:08'),
(7, 2010, 34, '1.90', '2013-06-06 14:04:08', '2013-06-06 14:04:08'),
(7, 2010, 35, '1.60', '2013-06-06 14:04:08', '2013-06-06 14:04:08'),
(7, 2010, 36, '0.60', '2013-06-06 14:04:08', '2013-06-06 14:04:08'),
(7, 2010, 37, '0.90', '2013-06-06 14:04:08', '2013-06-06 14:04:08'),
(7, 2010, 38, '0.50', '2013-06-06 14:04:08', '2013-06-06 14:04:08'),
(7, 2010, 39, '1.10', '2013-06-06 14:04:08', '2013-06-06 14:04:08'),
(7, 2010, 40, '1.10', '2013-06-06 14:04:08', '2013-06-06 14:04:08'),
(7, 2010, 41, '0.40', '2013-06-06 14:04:09', '2013-06-06 14:04:09'),
(7, 2010, 42, '1.80', '2013-06-06 14:04:09', '2013-06-06 14:04:09'),
(7, 2010, 43, '0.00', '2013-06-06 14:04:09', '2013-06-06 14:04:09'),
(7, 2010, 44, '0.70', '2013-06-06 14:04:09', '2013-06-06 14:04:09'),
(7, 2010, 45, '0.00', '2013-06-06 14:04:09', '2013-06-06 14:04:09'),
(7, 2010, 46, '0.40', '2013-06-06 14:04:09', '2013-06-06 14:04:09'),
(7, 2010, 47, '0.80', '2013-06-06 14:04:09', '2013-06-06 14:04:09'),
(7, 2010, 48, '0.00', '2013-06-06 14:04:09', '2013-06-06 14:04:09'),
(7, 2010, 49, '2.80', '2013-06-06 14:04:09', '2013-06-06 14:04:09'),
(7, 2010, 50, '1.20', '2013-06-06 14:04:09', '2013-06-06 14:04:09'),
(7, 2010, 51, '0.90', '2013-06-06 14:04:09', '2013-06-06 14:04:09'),
(7, 2010, 52, '1.00', '2013-06-06 14:04:09', '2013-06-06 14:04:09'),
(7, 2010, 53, '0.60', '2013-06-06 14:04:09', '2013-06-06 14:04:09'),
(7, 2010, 54, '0.50', '2013-06-06 14:04:09', '2013-06-06 14:04:09'),
(7, 2010, 55, '1.00', '2013-06-06 14:04:09', '2013-06-06 14:04:09'),
(7, 2010, 56, '0.50', '2013-06-06 14:04:09', '2013-06-06 14:04:09'),
(7, 2010, 57, '0.60', '2013-06-06 14:04:09', '2013-06-06 14:04:09'),
(7, 2010, 58, '0.60', '2013-06-06 14:04:09', '2013-06-06 14:04:09'),
(7, 2010, 59, '0.30', '2013-06-06 14:04:09', '2013-06-06 14:04:09'),
(7, 2010, 60, '0.80', '2013-06-06 14:04:09', '2013-06-06 14:04:09'),
(7, 2010, 61, '0.80', '2013-06-06 14:04:09', '2013-06-06 14:04:09'),
(7, 2010, 62, '1.70', '2013-06-06 14:04:09', '2013-06-06 14:04:09'),
(7, 2010, 63, '1.10', '2013-06-06 14:04:09', '2013-06-06 14:04:09'),
(7, 2010, 64, '1.00', '2013-06-06 14:04:09', '2013-06-06 14:04:09'),
(7, 2010, 65, '0.80', '2013-06-06 14:04:09', '2013-06-06 14:04:09'),
(7, 2010, 66, '0.90', '2013-06-06 14:04:09', '2013-06-06 14:04:09'),
(7, 2010, 67, '1.60', '2013-06-06 14:04:09', '2013-06-06 14:04:09'),
(7, 2010, 68, '0.70', '2013-06-06 14:04:09', '2013-06-06 14:04:09'),
(7, 2010, 69, '0.70', '2013-06-06 14:04:09', '2013-06-06 14:04:09'),
(7, 2010, 70, '0.40', '2013-06-06 14:04:09', '2013-06-06 14:04:09'),
(7, 2010, 71, '1.00', '2013-06-06 14:04:09', '2013-06-06 14:04:09'),
(7, 2010, 72, '0.80', '2013-06-06 14:04:09', '2013-06-06 14:04:09'),
(7, 2010, 73, '0.80', '2013-06-06 14:04:09', '2013-06-06 14:04:09'),
(7, 2010, 74, '0.60', '2013-06-06 14:04:09', '2013-06-06 14:04:09'),
(7, 2010, 75, '0.80', '2013-06-06 14:04:10', '2013-06-06 14:04:10'),
(7, 2010, 76, '1.00', '2013-06-06 14:04:10', '2013-06-06 14:04:10'),
(7, 2010, 77, '0.00', '2013-06-06 14:04:10', '2013-06-06 14:04:10'),
(7, 2010, 78, '1.60', '2013-06-06 14:04:10', '2013-06-06 14:04:10'),
(8, 2010, 1, '10.90', '2013-06-06 14:04:10', '2013-06-06 14:04:10'),
(8, 2010, 2, '10.40', '2013-06-06 14:04:10', '2013-06-06 14:04:10'),
(8, 2010, 3, '14.60', '2013-06-06 14:04:10', '2013-06-06 14:04:10'),
(8, 2010, 4, '11.70', '2013-06-06 14:04:10', '2013-06-06 14:04:10'),
(8, 2010, 5, '10.80', '2013-06-06 14:04:10', '2013-06-06 14:04:10'),
(8, 2010, 6, '11.20', '2013-06-06 14:04:10', '2013-06-06 14:04:10'),
(8, 2010, 7, '11.80', '2013-06-06 14:04:10', '2013-06-06 14:04:10'),
(8, 2010, 8, '11.40', '2013-06-06 14:04:10', '2013-06-06 14:04:10'),
(8, 2010, 9, '11.60', '2013-06-06 14:04:10', '2013-06-06 14:04:10'),
(8, 2010, 10, '10.20', '2013-06-06 14:04:10', '2013-06-06 14:04:10'),
(8, 2010, 11, '11.90', '2013-06-06 14:04:10', '2013-06-06 14:04:10'),
(8, 2010, 12, '15.20', '2013-06-06 14:04:10', '2013-06-06 14:04:10'),
(8, 2010, 13, '12.70', '2013-06-06 14:04:10', '2013-06-06 14:04:10'),
(8, 2010, 14, '14.30', '2013-06-06 14:04:10', '2013-06-06 14:04:10'),
(8, 2010, 15, '13.50', '2013-06-06 14:04:10', '2013-06-06 14:04:10'),
(8, 2010, 16, '11.50', '2013-06-06 14:04:10', '2013-06-06 14:04:10'),
(8, 2010, 17, '11.70', '2013-06-06 14:04:10', '2013-06-06 14:04:10'),
(8, 2010, 18, '9.20', '2013-06-06 14:04:10', '2013-06-06 14:04:10'),
(8, 2010, 19, '13.20', '2013-06-06 14:04:10', '2013-06-06 14:04:10'),
(8, 2010, 20, '13.50', '2013-06-06 14:04:10', '2013-06-06 14:04:10'),
(8, 2010, 21, '13.80', '2013-06-06 14:04:10', '2013-06-06 14:04:10'),
(8, 2010, 22, '11.00', '2013-06-06 14:04:10', '2013-06-06 14:04:10'),
(8, 2010, 23, '11.20', '2013-06-06 14:04:10', '2013-06-06 14:04:10'),
(8, 2010, 24, '14.40', '2013-06-06 14:04:10', '2013-06-06 14:04:10'),
(8, 2010, 25, '10.00', '2013-06-06 14:04:10', '2013-06-06 14:04:10'),
(8, 2010, 26, '7.80', '2013-06-06 14:04:10', '2013-06-06 14:04:10'),
(8, 2010, 27, '13.10', '2013-06-06 14:04:10', '2013-06-06 14:04:10'),
(8, 2010, 28, '12.90', '2013-06-06 14:04:10', '2013-06-06 14:04:10'),
(8, 2010, 29, '17.80', '2013-06-06 14:04:10', '2013-06-06 14:04:10'),
(8, 2010, 30, '10.90', '2013-06-06 14:04:10', '2013-06-06 14:04:10'),
(8, 2010, 31, '16.10', '2013-06-06 14:04:11', '2013-06-06 14:04:11'),
(8, 2010, 32, '11.00', '2013-06-06 14:04:11', '2013-06-06 14:04:11'),
(8, 2010, 33, '10.90', '2013-06-06 14:04:11', '2013-06-06 14:04:11'),
(8, 2010, 34, '11.90', '2013-06-06 14:04:11', '2013-06-06 14:04:11'),
(8, 2010, 35, '17.80', '2013-06-06 14:04:11', '2013-06-06 14:04:11'),
(8, 2010, 36, '13.10', '2013-06-06 14:04:11', '2013-06-06 14:04:11'),
(8, 2010, 37, '11.70', '2013-06-06 14:04:11', '2013-06-06 14:04:11'),
(8, 2010, 38, '14.50', '2013-06-06 14:04:11', '2013-06-06 14:04:11'),
(8, 2010, 39, '13.50', '2013-06-06 14:04:11', '2013-06-06 14:04:11'),
(8, 2010, 40, '16.20', '2013-06-06 14:04:11', '2013-06-06 14:04:11'),
(8, 2010, 41, '15.20', '2013-06-06 14:04:11', '2013-06-06 14:04:11'),
(8, 2010, 42, '14.00', '2013-06-06 14:04:11', '2013-06-06 14:04:11'),
(8, 2010, 43, '9.80', '2013-06-06 14:04:11', '2013-06-06 14:04:11'),
(8, 2010, 44, '13.20', '2013-06-06 14:04:11', '2013-06-06 14:04:11'),
(8, 2010, 45, '12.80', '2013-06-06 14:04:11', '2013-06-06 14:04:11'),
(8, 2010, 46, '14.50', '2013-06-06 14:04:11', '2013-06-06 14:04:11'),
(8, 2010, 47, '11.60', '2013-06-06 14:04:11', '2013-06-06 14:04:11'),
(8, 2010, 48, '27.30', '2013-06-06 14:04:11', '2013-06-06 14:04:11'),
(8, 2010, 49, '18.20', '2013-06-06 14:04:11', '2013-06-06 14:04:11'),
(8, 2010, 50, '13.30', '2013-06-06 14:04:11', '2013-06-06 14:04:11'),
(8, 2010, 51, '15.30', '2013-06-06 14:04:11', '2013-06-06 14:04:11'),
(8, 2010, 52, '12.50', '2013-06-06 14:04:11', '2013-06-06 14:04:11'),
(8, 2010, 53, '13.80', '2013-06-06 14:04:11', '2013-06-06 14:04:11'),
(8, 2010, 54, '11.50', '2013-06-06 14:04:11', '2013-06-06 14:04:11'),
(8, 2010, 55, '11.30', '2013-06-06 14:04:11', '2013-06-06 14:04:11'),
(8, 2010, 56, '10.80', '2013-06-06 14:04:11', '2013-06-06 14:04:11'),
(8, 2010, 57, '13.50', '2013-06-06 14:04:11', '2013-06-06 14:04:11'),
(8, 2010, 58, '11.70', '2013-06-06 14:04:11', '2013-06-06 14:04:11'),
(8, 2010, 59, '10.90', '2013-06-06 14:04:11', '2013-06-06 14:04:11'),
(8, 2010, 60, '10.90', '2013-06-06 14:04:11', '2013-06-06 14:04:11'),
(8, 2010, 61, '11.90', '2013-06-06 14:04:11', '2013-06-06 14:04:11'),
(8, 2010, 62, '16.30', '2013-06-06 14:04:11', '2013-06-06 14:04:11'),
(8, 2010, 63, '12.70', '2013-06-06 14:04:11', '2013-06-06 14:04:11'),
(8, 2010, 64, '16.40', '2013-06-06 14:04:11', '2013-06-06 14:04:11'),
(8, 2010, 65, '12.30', '2013-06-06 14:04:12', '2013-06-06 14:04:12'),
(8, 2010, 66, '16.70', '2013-06-06 14:04:12', '2013-06-06 14:04:12'),
(8, 2010, 67, '15.60', '2013-06-06 14:04:12', '2013-06-06 14:04:12'),
(8, 2010, 68, '13.70', '2013-06-06 14:04:12', '2013-06-06 14:04:12'),
(8, 2010, 69, '12.20', '2013-06-06 14:04:12', '2013-06-06 14:04:12'),
(8, 2010, 70, '12.00', '2013-06-06 14:04:12', '2013-06-06 14:04:12'),
(8, 2010, 71, '14.00', '2013-06-06 14:04:12', '2013-06-06 14:04:12'),
(8, 2010, 72, '10.90', '2013-06-06 14:04:12', '2013-06-06 14:04:12'),
(8, 2010, 73, '10.00', '2013-06-06 14:04:12', '2013-06-06 14:04:12'),
(8, 2010, 74, '10.20', '2013-06-06 14:04:12', '2013-06-06 14:04:12'),
(8, 2010, 75, '14.60', '2013-06-06 14:04:12', '2013-06-06 14:04:12'),
(8, 2010, 76, '12.00', '2013-06-06 14:04:12', '2013-06-06 14:04:12'),
(8, 2010, 77, '17.00', '2013-06-06 14:04:12', '2013-06-06 14:04:12'),
(8, 2010, 78, '17.80', '2013-06-06 14:04:12', '2013-06-06 14:04:12'),
(9, 2011, 1, '2674.00', '2013-06-06 14:04:12', '2013-06-06 14:04:12'),
(9, 2011, 2, '5323.00', '2013-06-06 14:04:12', '2013-06-06 14:04:12'),
(9, 2011, 3, '7503.00', '2013-06-06 14:04:12', '2013-06-06 14:04:12'),
(9, 2011, 4, '3821.00', '2013-06-06 14:04:12', '2013-06-06 14:04:12'),
(9, 2011, 5, '3363.00', '2013-06-06 14:04:12', '2013-06-06 14:04:12'),
(9, 2011, 6, '3731.00', '2013-06-06 14:04:12', '2013-06-06 14:04:12'),
(9, 2011, 7, '11806.00', '2013-06-06 14:04:12', '2013-06-06 14:04:12'),
(9, 2011, 8, '2835.00', '2013-06-06 14:04:12', '2013-06-06 14:04:12'),
(9, 2011, 9, '3420.00', '2013-06-06 14:04:12', '2013-06-06 14:04:12'),
(9, 2011, 10, '4524.00', '2013-06-06 14:04:12', '2013-06-06 14:04:12'),
(9, 2011, 11, '24772.00', '2013-06-06 14:04:12', '2013-06-06 14:04:12'),
(9, 2011, 12, '6463.00', '2013-06-06 14:04:12', '2013-06-06 14:04:12'),
(9, 2011, 13, '18520.00', '2013-06-06 14:04:12', '2013-06-06 14:04:12'),
(9, 2011, 14, '4649.00', '2013-06-06 14:04:12', '2013-06-06 14:04:12'),
(9, 2011, 15, '6773.00', '2013-06-06 14:04:12', '2013-06-06 14:04:12'),
(9, 2011, 16, '21892.00', '2013-06-06 14:04:12', '2013-06-06 14:04:12'),
(9, 2011, 17, '3827.00', '2013-06-06 14:04:12', '2013-06-06 14:04:12'),
(9, 2011, 18, '6109.00', '2013-06-06 14:04:12', '2013-06-06 14:04:12'),
(9, 2011, 19, '1750.00', '2013-06-06 14:04:13', '2013-06-06 14:04:13'),
(9, 2011, 20, '2570.00', '2013-06-06 14:04:13', '2013-06-06 14:04:13'),
(9, 2011, 21, '5863.00', '2013-06-06 14:04:13', '2013-06-06 14:04:13'),
(9, 2011, 22, '5711.00', '2013-06-06 14:04:13', '2013-06-06 14:04:13'),
(9, 2011, 23, '2759.00', '2013-06-06 14:04:13', '2013-06-06 14:04:13'),
(9, 2011, 24, '5216.00', '2013-06-06 14:04:13', '2013-06-06 14:04:13'),
(9, 2011, 25, '234.00', '2013-06-06 14:04:13', '2013-06-06 14:04:13'),
(9, 2011, 26, '5464.00', '2013-06-06 14:04:13', '2013-06-06 14:04:13'),
(9, 2011, 27, '4952.00', '2013-06-06 14:04:13', '2013-06-06 14:04:13'),
(9, 2011, 28, '1788.00', '2013-06-06 14:04:13', '2013-06-06 14:04:13'),
(9, 2011, 29, '2540.00', '2013-06-06 14:04:13', '2013-06-06 14:04:13'),
(9, 2011, 30, '6187.00', '2013-06-06 14:04:13', '2013-06-06 14:04:13'),
(9, 2011, 31, '2923.00', '2013-06-06 14:04:13', '2013-06-06 14:04:13'),
(9, 2011, 32, '11163.00', '2013-06-06 14:04:13', '2013-06-06 14:04:13'),
(9, 2011, 33, '6547.00', '2013-06-06 14:04:13', '2013-06-06 14:04:13'),
(9, 2011, 34, '5405.00', '2013-06-06 14:04:13', '2013-06-06 14:04:13'),
(9, 2011, 35, '1993.00', '2013-06-06 14:04:13', '2013-06-06 14:04:13'),
(9, 2011, 36, '7514.00', '2013-06-06 14:04:13', '2013-06-06 14:04:13'),
(9, 2011, 37, '5751.00', '2013-06-06 14:04:13', '2013-06-06 14:04:13'),
(9, 2011, 38, '2394.00', '2013-06-06 14:04:13', '2013-06-06 14:04:13'),
(9, 2011, 39, '7429.00', '2013-06-06 14:04:13', '2013-06-06 14:04:13'),
(9, 2011, 40, '5779.00', '2013-06-06 14:04:13', '2013-06-06 14:04:13'),
(9, 2011, 41, '3106.00', '2013-06-06 14:04:13', '2013-06-06 14:04:13'),
(9, 2011, 42, '3873.00', '2013-06-06 14:04:13', '2013-06-06 14:04:13'),
(9, 2011, 43, '1319.00', '2013-06-06 14:04:13', '2013-06-06 14:04:13'),
(9, 2011, 44, '5163.00', '2013-06-06 14:04:13', '2013-06-06 14:04:13'),
(9, 2011, 45, '4358.00', '2013-06-06 14:04:13', '2013-06-06 14:04:13'),
(9, 2011, 46, '2799.00', '2013-06-06 14:04:13', '2013-06-06 14:04:13'),
(9, 2011, 47, '5786.00', '2013-06-06 14:04:13', '2013-06-06 14:04:13'),
(9, 2011, 48, '821.00', '2013-06-06 14:04:13', '2013-06-06 14:04:13'),
(9, 2011, 49, '1562.00', '2013-06-06 14:04:13', '2013-06-06 14:04:13'),
(9, 2011, 50, '10137.00', '2013-06-06 14:04:13', '2013-06-06 14:04:13'),
(9, 2011, 51, '5517.00', '2013-06-06 14:04:13', '2013-06-06 14:04:13'),
(9, 2011, 52, '4798.00', '2013-06-06 14:04:13', '2013-06-06 14:04:13'),
(9, 2011, 53, '3894.00', '2013-06-06 14:04:13', '2013-06-06 14:04:13'),
(9, 2011, 54, '4074.00', '2013-06-06 14:04:13', '2013-06-06 14:04:13'),
(9, 2011, 55, '3304.00', '2013-06-06 14:04:13', '2013-06-06 14:04:13'),
(9, 2011, 56, '2437.00', '2013-06-06 14:04:14', '2013-06-06 14:04:14'),
(9, 2011, 57, '3594.00', '2013-06-06 14:04:14', '2013-06-06 14:04:14'),
(9, 2011, 58, '21695.00', '2013-06-06 14:04:14', '2013-06-06 14:04:14'),
(9, 2011, 59, '3394.00', '2013-06-06 14:04:14', '2013-06-06 14:04:14'),
(9, 2011, 60, '1763.00', '2013-06-06 14:04:14', '2013-06-06 14:04:14'),
(9, 2011, 61, '7131.00', '2013-06-06 14:04:14', '2013-06-06 14:04:14'),
(9, 2011, 62, '3315.00', '2013-06-06 14:04:14', '2013-06-06 14:04:14'),
(9, 2011, 63, '4400.00', '2013-06-06 14:04:14', '2013-06-06 14:04:14'),
(9, 2011, 64, '4283.00', '2013-06-06 14:04:14', '2013-06-06 14:04:14'),
(9, 2011, 65, '46352.00', '2013-06-06 14:04:14', '2013-06-06 14:04:14'),
(9, 2011, 66, '5355.00', '2013-06-06 14:04:14', '2013-06-06 14:04:14'),
(9, 2011, 67, '5340.00', '2013-06-06 14:04:14', '2013-06-06 14:04:14'),
(9, 2011, 68, '3551.00', '2013-06-06 14:04:14', '2013-06-06 14:04:14'),
(9, 2011, 69, '11053.00', '2013-06-06 14:04:14', '2013-06-06 14:04:14'),
(9, 2011, 70, '11658.00', '2013-06-06 14:04:14', '2013-06-06 14:04:14'),
(9, 2011, 71, '9770.00', '2013-06-06 14:04:14', '2013-06-06 14:04:14'),
(9, 2011, 72, '4311.00', '2013-06-06 14:04:14', '2013-06-06 14:04:14'),
(9, 2011, 73, '5591.00', '2013-06-06 14:04:14', '2013-06-06 14:04:14'),
(9, 2011, 74, '7861.00', '2013-06-06 14:04:14', '2013-06-06 14:04:14'),
(9, 2011, 75, '1175.00', '2013-06-06 14:04:14', '2013-06-06 14:04:14'),
(9, 2011, 76, '3776.00', '2013-06-06 14:04:14', '2013-06-06 14:04:14'),
(9, 2011, 77, '5052.00', '2013-06-06 14:04:14', '2013-06-06 14:04:14'),
(9, 2011, 78, '5244.00', '2013-06-06 14:04:14', '2013-06-06 14:04:14'),
(10, 2011, 1, '2772.00', '2013-06-06 14:04:14', '2013-06-06 14:04:14'),
(10, 2011, 2, '5501.00', '2013-06-06 14:04:14', '2013-06-06 14:04:14'),
(10, 2011, 3, '8159.00', '2013-06-06 14:04:14', '2013-06-06 14:04:14'),
(10, 2011, 4, '4037.00', '2013-06-06 14:04:14', '2013-06-06 14:04:14'),
(10, 2011, 5, '3431.00', '2013-06-06 14:04:14', '2013-06-06 14:04:14'),
(10, 2011, 6, '3956.00', '2013-06-06 14:04:14', '2013-06-06 14:04:14'),
(10, 2011, 7, '12548.00', '2013-06-06 14:04:14', '2013-06-06 14:04:14'),
(10, 2011, 8, '2889.00', '2013-06-06 14:04:14', '2013-06-06 14:04:14'),
(10, 2011, 9, '3533.00', '2013-06-06 14:04:14', '2013-06-06 14:04:14'),
(10, 2011, 10, '4696.00', '2013-06-06 14:04:14', '2013-06-06 14:04:14'),
(10, 2011, 11, '26573.00', '2013-06-06 14:04:14', '2013-06-06 14:04:14'),
(10, 2011, 12, '6696.00', '2013-06-06 14:04:14', '2013-06-06 14:04:14'),
(10, 2011, 13, '19372.00', '2013-06-06 14:04:15', '2013-06-06 14:04:15'),
(10, 2011, 14, '4777.00', '2013-06-06 14:04:15', '2013-06-06 14:04:15'),
(10, 2011, 15, '7271.00', '2013-06-06 14:04:15', '2013-06-06 14:04:15'),
(10, 2011, 16, '22688.00', '2013-06-06 14:04:15', '2013-06-06 14:04:15'),
(10, 2011, 17, '3962.00', '2013-06-06 14:04:15', '2013-06-06 14:04:15'),
(10, 2011, 18, '6486.00', '2013-06-06 14:04:15', '2013-06-06 14:04:15'),
(10, 2011, 19, '1863.00', '2013-06-06 14:04:15', '2013-06-06 14:04:15'),
(10, 2011, 20, '2640.00', '2013-06-06 14:04:15', '2013-06-06 14:04:15'),
(10, 2011, 21, '6098.00', '2013-06-06 14:04:15', '2013-06-06 14:04:15'),
(10, 2011, 22, '6039.00', '2013-06-06 14:04:15', '2013-06-06 14:04:15'),
(10, 2011, 23, '3005.00', '2013-06-06 14:04:15', '2013-06-06 14:04:15'),
(10, 2011, 24, '5402.00', '2013-06-06 14:04:15', '2013-06-06 14:04:15'),
(10, 2011, 25, '215.00', '2013-06-06 14:04:15', '2013-06-06 14:04:15'),
(10, 2011, 26, '5555.00', '2013-06-06 14:04:15', '2013-06-06 14:04:15'),
(10, 2011, 27, '5105.00', '2013-06-06 14:04:15', '2013-06-06 14:04:15'),
(10, 2011, 28, '1823.00', '2013-06-06 14:04:15', '2013-06-06 14:04:15'),
(10, 2011, 29, '2620.00', '2013-06-06 14:04:15', '2013-06-06 14:04:15'),
(10, 2011, 30, '6546.00', '2013-06-06 14:04:15', '2013-06-06 14:04:15');
INSERT INTO `indicators_detail` (`indicator_id`, `year`, `county_id`, `value`, `updated_at`, `created_at`) VALUES
(10, 2011, 31, '3017.00', '2013-06-06 14:04:15', '2013-06-06 14:04:15'),
(10, 2011, 32, '11748.00', '2013-06-06 14:04:15', '2013-06-06 14:04:15'),
(10, 2011, 33, '6598.00', '2013-06-06 14:04:15', '2013-06-06 14:04:15'),
(10, 2011, 34, '5775.00', '2013-06-06 14:04:15', '2013-06-06 14:04:15'),
(10, 2011, 35, '2090.00', '2013-06-06 14:04:15', '2013-06-06 14:04:15'),
(10, 2011, 36, '7706.00', '2013-06-06 14:04:15', '2013-06-06 14:04:15'),
(10, 2011, 37, '6178.00', '2013-06-06 14:04:15', '2013-06-06 14:04:15'),
(10, 2011, 38, '2597.00', '2013-06-06 14:04:15', '2013-06-06 14:04:15'),
(10, 2011, 39, '7676.00', '2013-06-06 14:04:15', '2013-06-06 14:04:15'),
(10, 2011, 40, '5918.00', '2013-06-06 14:04:15', '2013-06-06 14:04:15'),
(10, 2011, 41, '3416.00', '2013-06-06 14:04:15', '2013-06-06 14:04:15'),
(10, 2011, 42, '4076.00', '2013-06-06 14:04:15', '2013-06-06 14:04:15'),
(10, 2011, 43, '1318.00', '2013-06-06 14:04:15', '2013-06-06 14:04:15'),
(10, 2011, 44, '5583.00', '2013-06-06 14:04:15', '2013-06-06 14:04:15'),
(10, 2011, 45, '4429.00', '2013-06-06 14:04:15', '2013-06-06 14:04:15'),
(10, 2011, 46, '2778.00', '2013-06-06 14:04:15', '2013-06-06 14:04:15'),
(10, 2011, 47, '6260.00', '2013-06-06 14:04:16', '2013-06-06 14:04:16'),
(10, 2011, 48, '861.00', '2013-06-06 14:04:16', '2013-06-06 14:04:16'),
(10, 2011, 49, '1650.00', '2013-06-06 14:04:16', '2013-06-06 14:04:16'),
(10, 2011, 50, '10690.00', '2013-06-06 14:04:16', '2013-06-06 14:04:16'),
(10, 2011, 51, '5734.00', '2013-06-06 14:04:16', '2013-06-06 14:04:16'),
(10, 2011, 52, '5075.00', '2013-06-06 14:04:16', '2013-06-06 14:04:16'),
(10, 2011, 53, '3968.00', '2013-06-06 14:04:16', '2013-06-06 14:04:16'),
(10, 2011, 54, '4271.00', '2013-06-06 14:04:16', '2013-06-06 14:04:16'),
(10, 2011, 55, '3648.00', '2013-06-06 14:04:16', '2013-06-06 14:04:16'),
(10, 2011, 56, '2629.00', '2013-06-06 14:04:16', '2013-06-06 14:04:16'),
(10, 2011, 57, '3644.00', '2013-06-06 14:04:16', '2013-06-06 14:04:16'),
(10, 2011, 58, '22618.00', '2013-06-06 14:04:16', '2013-06-06 14:04:16'),
(10, 2011, 59, '3604.00', '2013-06-06 14:04:16', '2013-06-06 14:04:16'),
(10, 2011, 60, '1895.00', '2013-06-06 14:04:16', '2013-06-06 14:04:16'),
(10, 2011, 61, '7618.00', '2013-06-06 14:04:16', '2013-06-06 14:04:16'),
(10, 2011, 62, '3483.00', '2013-06-06 14:04:16', '2013-06-06 14:04:16'),
(10, 2011, 63, '4786.00', '2013-06-06 14:04:16', '2013-06-06 14:04:16'),
(10, 2011, 64, '4606.00', '2013-06-06 14:04:16', '2013-06-06 14:04:16'),
(10, 2011, 65, '47332.00', '2013-06-06 14:04:16', '2013-06-06 14:04:16'),
(10, 2011, 66, '5597.00', '2013-06-06 14:04:16', '2013-06-06 14:04:16'),
(10, 2011, 67, '5608.00', '2013-06-06 14:04:16', '2013-06-06 14:04:16'),
(10, 2011, 68, '3784.00', '2013-06-06 14:04:16', '2013-06-06 14:04:16'),
(10, 2011, 69, '11316.00', '2013-06-06 14:04:16', '2013-06-06 14:04:16'),
(10, 2011, 70, '12098.00', '2013-06-06 14:04:16', '2013-06-06 14:04:16'),
(10, 2011, 71, '10642.00', '2013-06-06 14:04:16', '2013-06-06 14:04:16'),
(10, 2011, 72, '4556.00', '2013-06-06 14:04:16', '2013-06-06 14:04:16'),
(10, 2011, 73, '5831.00', '2013-06-06 14:04:16', '2013-06-06 14:04:16'),
(10, 2011, 74, '8413.00', '2013-06-06 14:04:16', '2013-06-06 14:04:16'),
(10, 2011, 75, '1232.00', '2013-06-06 14:04:16', '2013-06-06 14:04:16'),
(10, 2011, 76, '4024.00', '2013-06-06 14:04:16', '2013-06-06 14:04:16'),
(10, 2011, 77, '5247.00', '2013-06-06 14:04:16', '2013-06-06 14:04:16'),
(10, 2011, 78, '5694.00', '2013-06-06 14:04:16', '2013-06-06 14:04:16'),
(11, 2011, 1, '1175.00', '2013-06-06 14:04:16', '2013-06-06 14:04:16'),
(11, 2011, 2, '2228.00', '2013-06-06 14:04:17', '2013-06-06 14:04:17'),
(11, 2011, 3, '3435.00', '2013-06-06 14:04:17', '2013-06-06 14:04:17'),
(11, 2011, 4, '1723.00', '2013-06-06 14:04:17', '2013-06-06 14:04:17'),
(11, 2011, 5, '1491.00', '2013-06-06 14:04:17', '2013-06-06 14:04:17'),
(11, 2011, 6, '1586.00', '2013-06-06 14:04:17', '2013-06-06 14:04:17'),
(11, 2011, 7, '5146.00', '2013-06-06 14:04:17', '2013-06-06 14:04:17'),
(11, 2011, 8, '1315.00', '2013-06-06 14:04:17', '2013-06-06 14:04:17'),
(11, 2011, 9, '1498.00', '2013-06-06 14:04:17', '2013-06-06 14:04:17'),
(11, 2011, 10, '2045.00', '2013-06-06 14:04:17', '2013-06-06 14:04:17'),
(11, 2011, 11, '11290.00', '2013-06-06 14:04:17', '2013-06-06 14:04:17'),
(11, 2011, 12, '2914.00', '2013-06-06 14:04:17', '2013-06-06 14:04:17'),
(11, 2011, 13, '8322.00', '2013-06-06 14:04:17', '2013-06-06 14:04:17'),
(11, 2011, 14, '1902.00', '2013-06-06 14:04:17', '2013-06-06 14:04:17'),
(11, 2011, 15, '3181.00', '2013-06-06 14:04:17', '2013-06-06 14:04:17'),
(11, 2011, 16, '9708.00', '2013-06-06 14:04:17', '2013-06-06 14:04:17'),
(11, 2011, 17, '1700.00', '2013-06-06 14:04:17', '2013-06-06 14:04:17'),
(11, 2011, 18, '2650.00', '2013-06-06 14:04:17', '2013-06-06 14:04:17'),
(11, 2011, 19, '787.00', '2013-06-06 14:04:17', '2013-06-06 14:04:17'),
(11, 2011, 20, '1170.00', '2013-06-06 14:04:17', '2013-06-06 14:04:17'),
(11, 2011, 21, '2590.00', '2013-06-06 14:04:17', '2013-06-06 14:04:17'),
(11, 2011, 22, '2645.00', '2013-06-06 14:04:17', '2013-06-06 14:04:17'),
(11, 2011, 23, '1297.00', '2013-06-06 14:04:17', '2013-06-06 14:04:17'),
(11, 2011, 24, '2472.00', '2013-06-06 14:04:17', '2013-06-06 14:04:17'),
(11, 2011, 25, '104.00', '2013-06-06 14:04:17', '2013-06-06 14:04:17'),
(11, 2011, 26, '2414.00', '2013-06-06 14:04:17', '2013-06-06 14:04:17'),
(11, 2011, 27, '2211.00', '2013-06-06 14:04:17', '2013-06-06 14:04:17'),
(11, 2011, 28, '777.00', '2013-06-06 14:04:17', '2013-06-06 14:04:17'),
(11, 2011, 29, '1147.00', '2013-06-06 14:04:17', '2013-06-06 14:04:17'),
(11, 2011, 30, '2739.00', '2013-06-06 14:04:17', '2013-06-06 14:04:17'),
(11, 2011, 31, '1356.00', '2013-06-06 14:04:17', '2013-06-06 14:04:17'),
(11, 2011, 32, '4862.00', '2013-06-06 14:04:17', '2013-06-06 14:04:17'),
(11, 2011, 33, '2830.00', '2013-06-06 14:04:17', '2013-06-06 14:04:17'),
(11, 2011, 34, '2431.00', '2013-06-06 14:04:17', '2013-06-06 14:04:17'),
(11, 2011, 35, '849.00', '2013-06-06 14:04:18', '2013-06-06 14:04:18'),
(11, 2011, 36, '3319.00', '2013-06-06 14:04:18', '2013-06-06 14:04:18'),
(11, 2011, 37, '2561.00', '2013-06-06 14:04:18', '2013-06-06 14:04:18'),
(11, 2011, 38, '1109.00', '2013-06-06 14:04:18', '2013-06-06 14:04:18'),
(11, 2011, 39, '3306.00', '2013-06-06 14:04:18', '2013-06-06 14:04:18'),
(11, 2011, 40, '2599.00', '2013-06-06 14:04:18', '2013-06-06 14:04:18'),
(11, 2011, 41, '1443.00', '2013-06-06 14:04:18', '2013-06-06 14:04:18'),
(11, 2011, 42, '1670.00', '2013-06-06 14:04:18', '2013-06-06 14:04:18'),
(11, 2011, 43, '641.00', '2013-06-06 14:04:18', '2013-06-06 14:04:18'),
(11, 2011, 44, '2448.00', '2013-06-06 14:04:18', '2013-06-06 14:04:18'),
(11, 2011, 45, '1927.00', '2013-06-06 14:04:18', '2013-06-06 14:04:18'),
(11, 2011, 46, '1190.00', '2013-06-06 14:04:18', '2013-06-06 14:04:18'),
(11, 2011, 47, '2572.00', '2013-06-06 14:04:18', '2013-06-06 14:04:18'),
(11, 2011, 48, '388.00', '2013-06-06 14:04:18', '2013-06-06 14:04:18'),
(11, 2011, 49, '711.00', '2013-06-06 14:04:18', '2013-06-06 14:04:18'),
(11, 2011, 50, '4469.00', '2013-06-06 14:04:18', '2013-06-06 14:04:18'),
(11, 2011, 51, '2468.00', '2013-06-06 14:04:18', '2013-06-06 14:04:18'),
(11, 2011, 52, '2070.00', '2013-06-06 14:04:18', '2013-06-06 14:04:18'),
(11, 2011, 53, '1812.00', '2013-06-06 14:04:18', '2013-06-06 14:04:18'),
(11, 2011, 54, '1852.00', '2013-06-06 14:04:18', '2013-06-06 14:04:18'),
(11, 2011, 55, '1416.00', '2013-06-06 14:04:18', '2013-06-06 14:04:18'),
(11, 2011, 56, '1118.00', '2013-06-06 14:04:18', '2013-06-06 14:04:18'),
(11, 2011, 57, '1672.00', '2013-06-06 14:04:18', '2013-06-06 14:04:18'),
(11, 2011, 58, '10179.00', '2013-06-06 14:04:18', '2013-06-06 14:04:18'),
(11, 2011, 59, '1518.00', '2013-06-06 14:04:18', '2013-06-06 14:04:18'),
(11, 2011, 60, '816.00', '2013-06-06 14:04:18', '2013-06-06 14:04:18'),
(11, 2011, 61, '3049.00', '2013-06-06 14:04:18', '2013-06-06 14:04:18'),
(11, 2011, 62, '1505.00', '2013-06-06 14:04:18', '2013-06-06 14:04:18'),
(11, 2011, 63, '2038.00', '2013-06-06 14:04:18', '2013-06-06 14:04:18'),
(11, 2011, 64, '1952.00', '2013-06-06 14:04:18', '2013-06-06 14:04:18'),
(11, 2011, 65, '21707.00', '2013-06-06 14:04:18', '2013-06-06 14:04:18'),
(11, 2011, 66, '2312.00', '2013-06-06 14:04:18', '2013-06-06 14:04:18'),
(11, 2011, 67, '2393.00', '2013-06-06 14:04:19', '2013-06-06 14:04:19'),
(11, 2011, 68, '1575.00', '2013-06-06 14:04:19', '2013-06-06 14:04:19'),
(11, 2011, 69, '4592.00', '2013-06-06 14:04:19', '2013-06-06 14:04:19'),
(11, 2011, 70, '5238.00', '2013-06-06 14:04:19', '2013-06-06 14:04:19'),
(11, 2011, 71, '4571.00', '2013-06-06 14:04:19', '2013-06-06 14:04:19'),
(11, 2011, 72, '1916.00', '2013-06-06 14:04:19', '2013-06-06 14:04:19'),
(11, 2011, 73, '2621.00', '2013-06-06 14:04:19', '2013-06-06 14:04:19'),
(11, 2011, 74, '3500.00', '2013-06-06 14:04:19', '2013-06-06 14:04:19'),
(11, 2011, 75, '637.00', '2013-06-06 14:04:19', '2013-06-06 14:04:19'),
(11, 2011, 76, '1657.00', '2013-06-06 14:04:19', '2013-06-06 14:04:19'),
(11, 2011, 77, '2300.00', '2013-06-06 14:04:19', '2013-06-06 14:04:19'),
(11, 2011, 78, '2400.00', '2013-06-06 14:04:19', '2013-06-06 14:04:19'),
(12, 2011, 1, '1225.00', '2013-06-06 14:04:19', '2013-06-06 14:04:19'),
(12, 2011, 2, '2424.00', '2013-06-06 14:04:19', '2013-06-06 14:04:19'),
(12, 2011, 3, '3806.00', '2013-06-06 14:04:19', '2013-06-06 14:04:19'),
(12, 2011, 4, '1935.00', '2013-06-06 14:04:19', '2013-06-06 14:04:19'),
(12, 2011, 5, '1572.00', '2013-06-06 14:04:19', '2013-06-06 14:04:19'),
(12, 2011, 6, '1728.00', '2013-06-06 14:04:19', '2013-06-06 14:04:19'),
(12, 2011, 7, '5585.00', '2013-06-06 14:04:19', '2013-06-06 14:04:19'),
(12, 2011, 8, '1410.00', '2013-06-06 14:04:19', '2013-06-06 14:04:19'),
(12, 2011, 9, '1713.00', '2013-06-06 14:04:19', '2013-06-06 14:04:19'),
(12, 2011, 10, '2024.00', '2013-06-06 14:04:19', '2013-06-06 14:04:19'),
(12, 2011, 11, '11946.00', '2013-06-06 14:04:19', '2013-06-06 14:04:19'),
(12, 2011, 12, '3012.00', '2013-06-06 14:04:19', '2013-06-06 14:04:19'),
(12, 2011, 13, '9067.00', '2013-06-06 14:04:19', '2013-06-06 14:04:19'),
(12, 2011, 14, '2187.00', '2013-06-06 14:04:19', '2013-06-06 14:04:19'),
(12, 2011, 15, '3225.00', '2013-06-06 14:04:19', '2013-06-06 14:04:19'),
(12, 2011, 16, '10212.00', '2013-06-06 14:04:19', '2013-06-06 14:04:19'),
(12, 2011, 17, '1840.00', '2013-06-06 14:04:19', '2013-06-06 14:04:19'),
(12, 2011, 18, '2981.00', '2013-06-06 14:04:19', '2013-06-06 14:04:19'),
(12, 2011, 19, '819.00', '2013-06-06 14:04:19', '2013-06-06 14:04:19'),
(12, 2011, 20, '1176.00', '2013-06-06 14:04:19', '2013-06-06 14:04:19'),
(12, 2011, 21, '2784.00', '2013-06-06 14:04:19', '2013-06-06 14:04:19'),
(12, 2011, 22, '2701.00', '2013-06-06 14:04:20', '2013-06-06 14:04:20'),
(12, 2011, 23, '1323.00', '2013-06-06 14:04:20', '2013-06-06 14:04:20'),
(12, 2011, 24, '2372.00', '2013-06-06 14:04:20', '2013-06-06 14:04:20'),
(12, 2011, 25, '105.00', '2013-06-06 14:04:20', '2013-06-06 14:04:20'),
(12, 2011, 26, '2815.00', '2013-06-06 14:04:20', '2013-06-06 14:04:20'),
(12, 2011, 27, '2328.00', '2013-06-06 14:04:20', '2013-06-06 14:04:20'),
(12, 2011, 28, '831.00', '2013-06-06 14:04:20', '2013-06-06 14:04:20'),
(12, 2011, 29, '1218.00', '2013-06-06 14:04:20', '2013-06-06 14:04:20'),
(12, 2011, 30, '2989.00', '2013-06-06 14:04:20', '2013-06-06 14:04:20'),
(12, 2011, 31, '1456.00', '2013-06-06 14:04:20', '2013-06-06 14:04:20'),
(12, 2011, 32, '5368.00', '2013-06-06 14:04:20', '2013-06-06 14:04:20'),
(12, 2011, 33, '3205.00', '2013-06-06 14:04:20', '2013-06-06 14:04:20'),
(12, 2011, 34, '2587.00', '2013-06-06 14:04:20', '2013-06-06 14:04:20'),
(12, 2011, 35, '941.00', '2013-06-06 14:04:20', '2013-06-06 14:04:20'),
(12, 2011, 36, '3530.00', '2013-06-06 14:04:20', '2013-06-06 14:04:20'),
(12, 2011, 37, '2782.00', '2013-06-06 14:04:20', '2013-06-06 14:04:20'),
(12, 2011, 38, '1121.00', '2013-06-06 14:04:20', '2013-06-06 14:04:20'),
(12, 2011, 39, '3536.00', '2013-06-06 14:04:20', '2013-06-06 14:04:20'),
(12, 2011, 40, '2912.00', '2013-06-06 14:04:20', '2013-06-06 14:04:20'),
(12, 2011, 41, '1440.00', '2013-06-06 14:04:20', '2013-06-06 14:04:20'),
(12, 2011, 42, '1819.00', '2013-06-06 14:04:20', '2013-06-06 14:04:20'),
(12, 2011, 43, '590.00', '2013-06-06 14:04:20', '2013-06-06 14:04:20'),
(12, 2011, 44, '2650.00', '2013-06-06 14:04:20', '2013-06-06 14:04:20'),
(12, 2011, 45, '2077.00', '2013-06-06 14:04:20', '2013-06-06 14:04:20'),
(12, 2011, 46, '1256.00', '2013-06-06 14:04:20', '2013-06-06 14:04:20'),
(12, 2011, 47, '2871.00', '2013-06-06 14:04:20', '2013-06-06 14:04:20'),
(12, 2011, 48, '384.00', '2013-06-06 14:04:20', '2013-06-06 14:04:20'),
(12, 2011, 49, '752.00', '2013-06-06 14:04:20', '2013-06-06 14:04:20'),
(12, 2011, 50, '4415.00', '2013-06-06 14:04:20', '2013-06-06 14:04:20'),
(12, 2011, 51, '2685.00', '2013-06-06 14:04:20', '2013-06-06 14:04:20'),
(12, 2011, 52, '2342.00', '2013-06-06 14:04:20', '2013-06-06 14:04:20'),
(12, 2011, 53, '2016.00', '2013-06-06 14:04:20', '2013-06-06 14:04:20'),
(12, 2011, 54, '1901.00', '2013-06-06 14:04:21', '2013-06-06 14:04:21'),
(12, 2011, 55, '1510.00', '2013-06-06 14:04:21', '2013-06-06 14:04:21'),
(12, 2011, 56, '1159.00', '2013-06-06 14:04:21', '2013-06-06 14:04:21'),
(12, 2011, 57, '1754.00', '2013-06-06 14:04:21', '2013-06-06 14:04:21'),
(12, 2011, 58, '10158.00', '2013-06-06 14:04:21', '2013-06-06 14:04:21'),
(12, 2011, 59, '1662.00', '2013-06-06 14:04:21', '2013-06-06 14:04:21'),
(12, 2011, 60, '849.00', '2013-06-06 14:04:21', '2013-06-06 14:04:21'),
(12, 2011, 61, '3472.00', '2013-06-06 14:04:21', '2013-06-06 14:04:21'),
(12, 2011, 62, '1571.00', '2013-06-06 14:04:21', '2013-06-06 14:04:21'),
(12, 2011, 63, '2071.00', '2013-06-06 14:04:21', '2013-06-06 14:04:21'),
(12, 2011, 64, '2065.00', '2013-06-06 14:04:21', '2013-06-06 14:04:21'),
(12, 2011, 65, '22279.00', '2013-06-06 14:04:21', '2013-06-06 14:04:21'),
(12, 2011, 66, '2561.00', '2013-06-06 14:04:21', '2013-06-06 14:04:21'),
(12, 2011, 67, '2562.00', '2013-06-06 14:04:21', '2013-06-06 14:04:21'),
(12, 2011, 68, '1777.00', '2013-06-06 14:04:21', '2013-06-06 14:04:21'),
(12, 2011, 69, '5277.00', '2013-06-06 14:04:21', '2013-06-06 14:04:21'),
(12, 2011, 70, '5611.00', '2013-06-06 14:04:21', '2013-06-06 14:04:21'),
(12, 2011, 71, '4870.00', '2013-06-06 14:04:21', '2013-06-06 14:04:21'),
(12, 2011, 72, '1981.00', '2013-06-06 14:04:21', '2013-06-06 14:04:21'),
(12, 2011, 73, '2824.00', '2013-06-06 14:04:21', '2013-06-06 14:04:21'),
(12, 2011, 74, '3921.00', '2013-06-06 14:04:21', '2013-06-06 14:04:21'),
(12, 2011, 75, '563.00', '2013-06-06 14:04:21', '2013-06-06 14:04:21'),
(12, 2011, 76, '1635.00', '2013-06-06 14:04:21', '2013-06-06 14:04:21'),
(12, 2011, 77, '2387.00', '2013-06-06 14:04:21', '2013-06-06 14:04:21'),
(12, 2011, 78, '2530.00', '2013-06-06 14:04:21', '2013-06-06 14:04:21'),
(13, 2011, 1, '1505.00', '2013-06-06 14:04:21', '2013-06-06 14:04:21'),
(13, 2011, 2, '2938.00', '2013-06-06 14:04:21', '2013-06-06 14:04:21'),
(13, 2011, 3, '4101.00', '2013-06-06 14:04:21', '2013-06-06 14:04:21'),
(13, 2011, 4, '2114.00', '2013-06-06 14:04:21', '2013-06-06 14:04:21'),
(13, 2011, 5, '1767.00', '2013-06-06 14:04:21', '2013-06-06 14:04:21'),
(13, 2011, 6, '2100.00', '2013-06-06 14:04:21', '2013-06-06 14:04:21'),
(13, 2011, 7, '6499.00', '2013-06-06 14:04:21', '2013-06-06 14:04:21'),
(13, 2011, 8, '1467.00', '2013-06-06 14:04:21', '2013-06-06 14:04:21'),
(13, 2011, 9, '1860.00', '2013-06-06 14:04:21', '2013-06-06 14:04:21'),
(13, 2011, 10, '2413.00', '2013-06-06 14:04:22', '2013-06-06 14:04:22'),
(13, 2011, 11, '13564.00', '2013-06-06 14:04:22', '2013-06-06 14:04:22'),
(13, 2011, 12, '3625.00', '2013-06-06 14:04:22', '2013-06-06 14:04:22'),
(13, 2011, 13, '9988.00', '2013-06-06 14:04:22', '2013-06-06 14:04:22'),
(13, 2011, 14, '2577.00', '2013-06-06 14:04:22', '2013-06-06 14:04:22'),
(13, 2011, 15, '3704.00', '2013-06-06 14:04:22', '2013-06-06 14:04:22'),
(13, 2011, 16, '11731.00', '2013-06-06 14:04:22', '2013-06-06 14:04:22'),
(13, 2011, 17, '2059.00', '2013-06-06 14:04:22', '2013-06-06 14:04:22'),
(13, 2011, 18, '3375.00', '2013-06-06 14:04:22', '2013-06-06 14:04:22'),
(13, 2011, 19, '987.00', '2013-06-06 14:04:22', '2013-06-06 14:04:22'),
(13, 2011, 20, '1360.00', '2013-06-06 14:04:22', '2013-06-06 14:04:22'),
(13, 2011, 21, '3168.00', '2013-06-06 14:04:22', '2013-06-06 14:04:22'),
(13, 2011, 22, '3215.00', '2013-06-06 14:04:22', '2013-06-06 14:04:22'),
(13, 2011, 23, '1482.00', '2013-06-06 14:04:22', '2013-06-06 14:04:22'),
(13, 2011, 24, '2798.00', '2013-06-06 14:04:22', '2013-06-06 14:04:22'),
(13, 2011, 25, '118.00', '2013-06-06 14:04:22', '2013-06-06 14:04:22'),
(13, 2011, 26, '3020.00', '2013-06-06 14:04:22', '2013-06-06 14:04:22'),
(13, 2011, 27, '2641.00', '2013-06-06 14:04:22', '2013-06-06 14:04:22'),
(13, 2011, 28, '1016.00', '2013-06-06 14:04:22', '2013-06-06 14:04:22'),
(13, 2011, 29, '1341.00', '2013-06-06 14:04:22', '2013-06-06 14:04:22'),
(13, 2011, 30, '3461.00', '2013-06-06 14:04:22', '2013-06-06 14:04:22'),
(13, 2011, 31, '1595.00', '2013-06-06 14:04:22', '2013-06-06 14:04:22'),
(13, 2011, 32, '6066.00', '2013-06-06 14:04:22', '2013-06-06 14:04:22'),
(13, 2011, 33, '3580.00', '2013-06-06 14:04:22', '2013-06-06 14:04:22'),
(13, 2011, 34, '3087.00', '2013-06-06 14:04:22', '2013-06-06 14:04:22'),
(13, 2011, 35, '1152.00', '2013-06-06 14:04:22', '2013-06-06 14:04:22'),
(13, 2011, 36, '3998.00', '2013-06-06 14:04:22', '2013-06-06 14:04:22'),
(13, 2011, 37, '3256.00', '2013-06-06 14:04:22', '2013-06-06 14:04:22'),
(13, 2011, 38, '1299.00', '2013-06-06 14:04:22', '2013-06-06 14:04:22'),
(13, 2011, 39, '3953.00', '2013-06-06 14:04:22', '2013-06-06 14:04:22'),
(13, 2011, 40, '3087.00', '2013-06-06 14:04:22', '2013-06-06 14:04:22'),
(13, 2011, 41, '1751.00', '2013-06-06 14:04:22', '2013-06-06 14:04:22'),
(13, 2011, 42, '2121.00', '2013-06-06 14:04:22', '2013-06-06 14:04:22'),
(13, 2011, 43, '652.00', '2013-06-06 14:04:22', '2013-06-06 14:04:22'),
(13, 2011, 44, '2876.00', '2013-06-06 14:04:22', '2013-06-06 14:04:22'),
(13, 2011, 45, '2221.00', '2013-06-06 14:04:23', '2013-06-06 14:04:23'),
(13, 2011, 46, '1548.00', '2013-06-06 14:04:23', '2013-06-06 14:04:23'),
(13, 2011, 47, '3288.00', '2013-06-06 14:04:23', '2013-06-06 14:04:23'),
(13, 2011, 48, '438.00', '2013-06-06 14:04:23', '2013-06-06 14:04:23'),
(13, 2011, 49, '774.00', '2013-06-06 14:04:23', '2013-06-06 14:04:23'),
(13, 2011, 50, '5299.00', '2013-06-06 14:04:23', '2013-06-06 14:04:23'),
(13, 2011, 51, '3136.00', '2013-06-06 14:04:23', '2013-06-06 14:04:23'),
(13, 2011, 52, '2736.00', '2013-06-06 14:04:23', '2013-06-06 14:04:23'),
(13, 2011, 53, '1996.00', '2013-06-06 14:04:23', '2013-06-06 14:04:23'),
(13, 2011, 54, '2220.00', '2013-06-06 14:04:23', '2013-06-06 14:04:23'),
(13, 2011, 55, '1915.00', '2013-06-06 14:04:23', '2013-06-06 14:04:23'),
(13, 2011, 56, '1270.00', '2013-06-06 14:04:23', '2013-06-06 14:04:23'),
(13, 2011, 57, '1880.00', '2013-06-06 14:04:23', '2013-06-06 14:04:23'),
(13, 2011, 58, '11537.00', '2013-06-06 14:04:23', '2013-06-06 14:04:23'),
(13, 2011, 59, '1843.00', '2013-06-06 14:04:23', '2013-06-06 14:04:23'),
(13, 2011, 60, '1027.00', '2013-06-06 14:04:23', '2013-06-06 14:04:23'),
(13, 2011, 61, '3983.00', '2013-06-06 14:04:23', '2013-06-06 14:04:23'),
(13, 2011, 62, '1817.00', '2013-06-06 14:04:23', '2013-06-06 14:04:23'),
(13, 2011, 63, '2352.00', '2013-06-06 14:04:23', '2013-06-06 14:04:23'),
(13, 2011, 64, '2297.00', '2013-06-06 14:04:23', '2013-06-06 14:04:23'),
(13, 2011, 65, '23864.00', '2013-06-06 14:04:23', '2013-06-06 14:04:23'),
(13, 2011, 66, '2921.00', '2013-06-06 14:04:23', '2013-06-06 14:04:23'),
(13, 2011, 67, '3060.00', '2013-06-06 14:04:23', '2013-06-06 14:04:23'),
(13, 2011, 68, '2021.00', '2013-06-06 14:04:23', '2013-06-06 14:04:23'),
(13, 2011, 69, '6275.00', '2013-06-06 14:04:23', '2013-06-06 14:04:23'),
(13, 2011, 70, '6486.00', '2013-06-06 14:04:23', '2013-06-06 14:04:23'),
(13, 2011, 71, '5453.00', '2013-06-06 14:04:23', '2013-06-06 14:04:23'),
(13, 2011, 72, '2374.00', '2013-06-06 14:04:23', '2013-06-06 14:04:23'),
(13, 2011, 73, '2998.00', '2013-06-06 14:04:23', '2013-06-06 14:04:23'),
(13, 2011, 74, '4367.00', '2013-06-06 14:04:23', '2013-06-06 14:04:23'),
(13, 2011, 75, '574.00', '2013-06-06 14:04:23', '2013-06-06 14:04:23'),
(13, 2011, 76, '2158.00', '2013-06-06 14:04:23', '2013-06-06 14:04:23'),
(13, 2011, 77, '2717.00', '2013-06-06 14:04:23', '2013-06-06 14:04:23'),
(13, 2011, 78, '2986.00', '2013-06-06 14:04:23', '2013-06-06 14:04:23'),
(14, 2011, 1, '1541.00', '2013-06-06 14:04:23', '2013-06-06 14:04:23'),
(14, 2011, 2, '3234.00', '2013-06-06 14:04:23', '2013-06-06 14:04:23'),
(14, 2011, 3, '4320.00', '2013-06-06 14:04:24', '2013-06-06 14:04:24'),
(14, 2011, 4, '2086.00', '2013-06-06 14:04:24', '2013-06-06 14:04:24'),
(14, 2011, 5, '1964.00', '2013-06-06 14:04:24', '2013-06-06 14:04:24'),
(14, 2011, 6, '2273.00', '2013-06-06 14:04:24', '2013-06-06 14:04:24'),
(14, 2011, 7, '7124.00', '2013-06-06 14:04:24', '2013-06-06 14:04:24'),
(14, 2011, 8, '1532.00', '2013-06-06 14:04:24', '2013-06-06 14:04:24'),
(14, 2011, 9, '1882.00', '2013-06-06 14:04:24', '2013-06-06 14:04:24'),
(14, 2011, 10, '2738.00', '2013-06-06 14:04:24', '2013-06-06 14:04:24'),
(14, 2011, 11, '14545.00', '2013-06-06 14:04:24', '2013-06-06 14:04:24'),
(14, 2011, 12, '3608.00', '2013-06-06 14:04:24', '2013-06-06 14:04:24'),
(14, 2011, 13, '10515.00', '2013-06-06 14:04:24', '2013-06-06 14:04:24'),
(14, 2011, 14, '2760.00', '2013-06-06 14:04:24', '2013-06-06 14:04:24'),
(14, 2011, 15, '3934.00', '2013-06-06 14:04:24', '2013-06-06 14:04:24'),
(14, 2011, 16, '12929.00', '2013-06-06 14:04:24', '2013-06-06 14:04:24'),
(14, 2011, 17, '2190.00', '2013-06-06 14:04:24', '2013-06-06 14:04:24'),
(14, 2011, 18, '3589.00', '2013-06-06 14:04:24', '2013-06-06 14:04:24'),
(14, 2011, 19, '1020.00', '2013-06-06 14:04:24', '2013-06-06 14:04:24'),
(14, 2011, 20, '1504.00', '2013-06-06 14:04:24', '2013-06-06 14:04:24'),
(14, 2011, 21, '3419.00', '2013-06-06 14:04:24', '2013-06-06 14:04:24'),
(14, 2011, 22, '3189.00', '2013-06-06 14:04:24', '2013-06-06 14:04:24'),
(14, 2011, 23, '1662.00', '2013-06-06 14:04:24', '2013-06-06 14:04:24'),
(14, 2011, 24, '2976.00', '2013-06-06 14:04:24', '2013-06-06 14:04:24'),
(14, 2011, 25, '122.00', '2013-06-06 14:04:24', '2013-06-06 14:04:24'),
(14, 2011, 26, '2770.00', '2013-06-06 14:04:24', '2013-06-06 14:04:24'),
(14, 2011, 27, '2877.00', '2013-06-06 14:04:24', '2013-06-06 14:04:24'),
(14, 2011, 28, '987.00', '2013-06-06 14:04:24', '2013-06-06 14:04:24'),
(14, 2011, 29, '1454.00', '2013-06-06 14:04:24', '2013-06-06 14:04:24'),
(14, 2011, 30, '3544.00', '2013-06-06 14:04:24', '2013-06-06 14:04:24'),
(14, 2011, 31, '1533.00', '2013-06-06 14:04:24', '2013-06-06 14:04:24'),
(14, 2011, 32, '6615.00', '2013-06-06 14:04:24', '2013-06-06 14:04:24'),
(14, 2011, 33, '3530.00', '2013-06-06 14:04:24', '2013-06-06 14:04:24'),
(14, 2011, 34, '3075.00', '2013-06-06 14:04:24', '2013-06-06 14:04:24'),
(14, 2011, 35, '1141.00', '2013-06-06 14:04:24', '2013-06-06 14:04:24'),
(14, 2011, 36, '4373.00', '2013-06-06 14:04:24', '2013-06-06 14:04:24'),
(14, 2011, 37, '3330.00', '2013-06-06 14:04:24', '2013-06-06 14:04:24'),
(14, 2011, 38, '1462.00', '2013-06-06 14:04:24', '2013-06-06 14:04:24'),
(14, 2011, 39, '4310.00', '2013-06-06 14:04:24', '2013-06-06 14:04:24'),
(14, 2011, 40, '3099.00', '2013-06-06 14:04:24', '2013-06-06 14:04:24'),
(14, 2011, 41, '1888.00', '2013-06-06 14:04:24', '2013-06-06 14:04:24'),
(14, 2011, 42, '2339.00', '2013-06-06 14:04:24', '2013-06-06 14:04:24'),
(14, 2011, 43, '754.00', '2013-06-06 14:04:24', '2013-06-06 14:04:24'),
(14, 2011, 44, '2772.00', '2013-06-06 14:04:25', '2013-06-06 14:04:25'),
(14, 2011, 45, '2562.00', '2013-06-06 14:04:25', '2013-06-06 14:04:25'),
(14, 2011, 46, '1583.00', '2013-06-06 14:04:25', '2013-06-06 14:04:25'),
(14, 2011, 47, '3315.00', '2013-06-06 14:04:25', '2013-06-06 14:04:25'),
(14, 2011, 48, '472.00', '2013-06-06 14:04:25', '2013-06-06 14:04:25'),
(14, 2011, 49, '975.00', '2013-06-06 14:04:25', '2013-06-06 14:04:25'),
(14, 2011, 50, '6644.00', '2013-06-06 14:04:25', '2013-06-06 14:04:25'),
(14, 2011, 51, '2962.00', '2013-06-06 14:04:25', '2013-06-06 14:04:25'),
(14, 2011, 52, '2725.00', '2013-06-06 14:04:25', '2013-06-06 14:04:25'),
(14, 2011, 53, '2038.00', '2013-06-06 14:04:25', '2013-06-06 14:04:25'),
(14, 2011, 54, '2372.00', '2013-06-06 14:04:25', '2013-06-06 14:04:25'),
(14, 2011, 55, '2111.00', '2013-06-06 14:04:25', '2013-06-06 14:04:25'),
(14, 2011, 56, '1519.00', '2013-06-06 14:04:25', '2013-06-06 14:04:25'),
(14, 2011, 57, '1932.00', '2013-06-06 14:04:25', '2013-06-06 14:04:25'),
(14, 2011, 58, '12439.00', '2013-06-06 14:04:25', '2013-06-06 14:04:25'),
(14, 2011, 59, '1975.00', '2013-06-06 14:04:25', '2013-06-06 14:04:25'),
(14, 2011, 60, '966.00', '2013-06-06 14:04:25', '2013-06-06 14:04:25'),
(14, 2011, 61, '4245.00', '2013-06-06 14:04:25', '2013-06-06 14:04:25'),
(14, 2011, 62, '1905.00', '2013-06-06 14:04:25', '2013-06-06 14:04:25'),
(14, 2011, 63, '2725.00', '2013-06-06 14:04:25', '2013-06-06 14:04:25'),
(14, 2011, 64, '2575.00', '2013-06-06 14:04:25', '2013-06-06 14:04:25'),
(14, 2011, 65, '25834.00', '2013-06-06 14:04:25', '2013-06-06 14:04:25'),
(14, 2011, 66, '3158.00', '2013-06-06 14:04:25', '2013-06-06 14:04:25'),
(14, 2011, 67, '2933.00', '2013-06-06 14:04:25', '2013-06-06 14:04:25'),
(14, 2011, 68, '1962.00', '2013-06-06 14:04:25', '2013-06-06 14:04:25'),
(14, 2011, 69, '6225.00', '2013-06-06 14:04:25', '2013-06-06 14:04:25'),
(14, 2011, 70, '6421.00', '2013-06-06 14:04:25', '2013-06-06 14:04:25'),
(14, 2011, 71, '5518.00', '2013-06-06 14:04:25', '2013-06-06 14:04:25'),
(14, 2011, 72, '2596.00', '2013-06-06 14:04:25', '2013-06-06 14:04:25'),
(14, 2011, 73, '2979.00', '2013-06-06 14:04:25', '2013-06-06 14:04:25'),
(14, 2011, 74, '4486.00', '2013-06-06 14:04:25', '2013-06-06 14:04:25'),
(14, 2011, 75, '633.00', '2013-06-06 14:04:25', '2013-06-06 14:04:25'),
(14, 2011, 76, '2350.00', '2013-06-06 14:04:25', '2013-06-06 14:04:25');

-- --------------------------------------------------------

--
-- Table structure for table `tmp`
--

DROP TABLE IF EXISTS `tmp`;
CREATE TABLE IF NOT EXISTS `tmp` (
  `indicator_id` int(11) NOT NULL,
  `year` int(11) NOT NULL,
  `v1` varchar(10) DEFAULT NULL,
  `v2` varchar(10) DEFAULT NULL,
  `v3` varchar(10) DEFAULT NULL,
  `v4` varchar(10) DEFAULT NULL,
  `v5` varchar(10) DEFAULT NULL,
  `v6` varchar(10) DEFAULT NULL,
  `v7` varchar(10) DEFAULT NULL,
  `v8` varchar(10) DEFAULT NULL,
  `v9` varchar(10) DEFAULT NULL,
  `v10` varchar(10) DEFAULT NULL,
  `v11` varchar(10) DEFAULT NULL,
  `v12` varchar(10) DEFAULT NULL,
  `v13` varchar(10) DEFAULT NULL,
  `v14` varchar(10) DEFAULT NULL,
  `v15` varchar(10) DEFAULT NULL,
  `v16` varchar(10) DEFAULT NULL,
  `v17` varchar(10) DEFAULT NULL,
  `v18` varchar(10) DEFAULT NULL,
  `v19` varchar(10) DEFAULT NULL,
  `v20` varchar(10) DEFAULT NULL,
  `v21` varchar(10) DEFAULT NULL,
  `v22` varchar(10) DEFAULT NULL,
  `v23` varchar(10) DEFAULT NULL,
  `v24` varchar(10) DEFAULT NULL,
  `v25` varchar(10) DEFAULT NULL,
  `v26` varchar(10) DEFAULT NULL,
  `v27` varchar(10) DEFAULT NULL,
  `v28` varchar(10) DEFAULT NULL,
  `v29` varchar(10) DEFAULT NULL,
  `v30` varchar(10) DEFAULT NULL,
  `v31` varchar(10) DEFAULT NULL,
  `v32` varchar(10) DEFAULT NULL,
  `v33` varchar(10) DEFAULT NULL,
  `v34` varchar(10) DEFAULT NULL,
  `v35` varchar(10) DEFAULT NULL,
  `v36` varchar(10) DEFAULT NULL,
  `v37` varchar(10) DEFAULT NULL,
  `v38` varchar(10) DEFAULT NULL,
  `v39` varchar(10) DEFAULT NULL,
  `v40` varchar(10) DEFAULT NULL,
  `v41` varchar(10) DEFAULT NULL,
  `v42` varchar(10) DEFAULT NULL,
  `v43` varchar(10) DEFAULT NULL,
  `v44` varchar(10) DEFAULT NULL,
  `v45` varchar(10) DEFAULT NULL,
  `v46` varchar(10) DEFAULT NULL,
  `v47` varchar(10) DEFAULT NULL,
  `v48` varchar(10) DEFAULT NULL,
  `v49` varchar(10) DEFAULT NULL,
  `v50` varchar(10) DEFAULT NULL,
  `v51` varchar(10) DEFAULT NULL,
  `v52` varchar(10) DEFAULT NULL,
  `v53` varchar(10) DEFAULT NULL,
  `v54` varchar(10) DEFAULT NULL,
  `v55` varchar(10) DEFAULT NULL,
  `v56` varchar(10) DEFAULT NULL,
  `v57` varchar(10) DEFAULT NULL,
  `v58` varchar(10) DEFAULT NULL,
  `v59` varchar(10) DEFAULT NULL,
  `v60` varchar(10) DEFAULT NULL,
  `v61` varchar(10) DEFAULT NULL,
  `v62` varchar(10) DEFAULT NULL,
  `v63` varchar(10) DEFAULT NULL,
  `v64` varchar(10) DEFAULT NULL,
  `v65` varchar(10) DEFAULT NULL,
  `v66` varchar(10) DEFAULT NULL,
  `v67` varchar(10) DEFAULT NULL,
  `v68` varchar(10) DEFAULT NULL,
  `v69` varchar(10) DEFAULT NULL,
  `v70` varchar(10) DEFAULT NULL,
  `v71` varchar(10) DEFAULT NULL,
  `v72` varchar(10) DEFAULT NULL,
  `v73` varchar(10) DEFAULT NULL,
  `v74` varchar(10) DEFAULT NULL,
  `v75` varchar(10) DEFAULT NULL,
  `v76` varchar(10) DEFAULT NULL,
  `v77` varchar(10) DEFAULT NULL,
  `v78` varchar(10) DEFAULT NULL,
  PRIMARY KEY (`indicator_id`)
) ENGINE=InnoDB DEFAULT CHARSET=latin1;

--
-- Dumping data for table `tmp`
--

INSERT INTO `tmp` (`indicator_id`, `year`, `v1`, `v2`, `v3`, `v4`, `v5`, `v6`, `v7`, `v8`, `v9`, `v10`, `v11`, `v12`, `v13`, `v14`, `v15`, `v16`, `v17`, `v18`, `v19`, `v20`, `v21`, `v22`, `v23`, `v24`, `v25`, `v26`, `v27`, `v28`, `v29`, `v30`, `v31`, `v32`, `v33`, `v34`, `v35`, `v36`, `v37`, `v38`, `v39`, `v40`, `v41`, `v42`, `v43`, `v44`, `v45`, `v46`, `v47`, `v48`, `v49`, `v50`, `v51`, `v52`, `v53`, `v54`, `v55`, `v56`, `v57`, `v58`, `v59`, `v60`, `v61`, `v62`, `v63`, `v64`, `v65`, `v66`, `v67`, `v68`, `v69`, `v70`, `v71`, `v72`, `v73`, `v74`, `v75`, `v76`, `v77`, `v78`) VALUES
(1, 2011, '0.00', '0.00', '0.00', '0.00', '152.75', '0.00', '14.04', '65.27', '0.00', '0.00', '41.25', '0.00', '0.00', '0.00', '76.26', '15.47', '91.32', '55.73', '98.04', '0.00', '0.00', '0.00', '0.00', '0.00', '0.00', '108.30', '0.00', '0.00', '0.00', '56.43', '0.00', '15.12', '84.99', '0.00', '0.00', '45.74', '0.00', '0.00', '69.61', '64.54', '0.00', '0.00', '0.00', '36.08', '156.13', '63.17', '30.17', '0.00', '0.00', '60.20', '33.76', '36.70', '98.14', '0.00', '47.37', '0.00', '0.00', '64.31', '50.63', '0.00', '94.23', '0.00', '0.00', '0.00', '65.80', '0.00', '68.19', '0.00', '48.19', '31.15', '18.12', '0.00', '33.57', '22.29', '0.00', '42.55', '103.63', '0.00'),
(2, 2012, '0.00', '104.73', '98.69', '0.00', '0.00', '0.00', '48.00', '171.62', '91.74', '0.00', '17.11', '0.00', '40.55', '0.00', '22.10', '26.32', '0.00', '46.40', '0.00', '0.00', '0.00', '27.12', '150.36', '57.21', '0.00', '31.97', '0.00', '0.00', '0.00', '97.43', '0.00', '0.00', '0.00', '0.00', '76.97', '19.47', '51.98', '0.00', '40.66', '27.86', '0.00', '0.00', '0.00', '0.00', '65.72', '0.00', '131.61', '0.00', '0.00', '104.39', '0.00', '30.93', '0.00', '0.00', '82.90', '0.00', '0.00', '73.55', '0.00', '179.53', '0.00', '92.70', '33.09', '32.07', '34.36', '0.00', '0.00', '45.91', '0.00', '25.84', '0.00', '65.81', '28.23', '38.41', '0.00', '36.94', '29.62', '0.00'),
(3, 2010, '202.00', '415.00', '602.00', '333.00', '332.00', '313.00', '991.00', '237.00', '294.00', '394.00', '2355.00', '532.00', '1640.00', '357.00', '673.00', '1951.00', '325.00', '542.00', '159.00', '244.00', '543.00', '484.00', '223.00', '492.00', '20.00', '449.00', '459.00', '147.00', '225.00', '512.00', '274.00', '983.00', '496.00', '427.00', '185.00', '686.00', '469.00', '221.00', '615.00', '445.00', '270.00', '328.00', '123.00', '461.00', '320.00', '242.00', '508.00', '44.00', '143.00', '862.00', '459.00', '391.00', '319.00', '375.00', '300.00', '212.00', '340.00', '2107.00', '303.00', '128.00', '590.00', '295.00', '377.00', '391.00', '4307.00', '430.00', '448.00', '291.00', '814.00', '998.00', '821.00', '359.00', '478.00', '660.00', '130.00', '309.00', '411.00', '499.00'),
(4, 2010, '34.00', '58.00', '106.00', '67.00', '81.00', '47.00', '179.00', '44.00', '46.00', '83.00', '367.00', '72.00', '236.00', '65.00', '141.00', '259.00', '80.00', '106.00', '20.00', '40.00', '94.00', '95.00', '40.00', '96.00', '1.00', '64.00', '93.00', '40.00', '49.00', '96.00', '47.00', '110.00', '74.00', '70.00', '23.00', '136.00', '69.00', '46.00', '117.00', '74.00', '42.00', '58.00', '26.00', '59.00', '69.00', '44.00', '101.00', '9.00', '35.00', '165.00', '67.00', '87.00', '46.00', '72.00', '66.00', '52.00', '51.00', '385.00', '45.00', '26.00', '88.00', '49.00', '90.00', '68.00', '704.00', '61.00', '81.00', '62.00', '103.00', '147.00', '113.00', '88.00', '78.00', '128.00', '42.00', '91.00', '110.00', '135.00'),
(5, 2010, '0.00', '1.00', '2.00', '0.00', '1.00', '0.00', '1.00', '0.00', '2.00', '2.00', '5.00', '1.00', '1.00', '1.00', '3.00', '6.00', '1.00', '0.00', '1.00', '0.00', '1.00', '0.00', '0.00', '1.00', '0.00', '2.00', '1.00', '1.00', '2.00', '2.00', '0.00', '0.00', '1.00', '1.00', '0.00', '1.00', '0.00', '1.00', '1.00', '1.00', '0.00', '0.00', '0.00', '1.00', '2.00', '0.00', '2.00', '0.00', '0.00', '3.00', '1.00', '2.00', '0.00', '0.00', '0.00', '0.00', '2.00', '5.00', '0.00', '1.00', '0.00', '1.00', '0.00', '1.00', '9.00', '1.00', '1.00', '1.00', '0.00', '1.00', '2.00', '2.00', '1.00', '3.00', '17.00', '21.00', '38.00', '40.00'),
(6, 2010, '34.00', '57.00', '104.00', '67.00', '80.00', '47.00', '178.00', '44.00', '44.00', '81.00', '362.00', '71.00', '235.00', '64.00', '138.00', '253.00', '79.00', '106.00', '19.00', '40.00', '93.00', '95.00', '40.00', '95.00', '1.00', '62.00', '92.00', '39.00', '47.00', '94.00', '47.00', '110.00', '73.00', '69.00', '23.00', '135.00', '69.00', '45.00', '116.00', '73.00', '42.00', '58.00', '26.00', '58.00', '67.00', '44.00', '99.00', '9.00', '35.00', '162.00', '66.00', '85.00', '46.00', '72.00', '66.00', '52.00', '49.00', '380.00', '45.00', '25.00', '88.00', '48.00', '90.00', '67.00', '695.00', '60.00', '80.00', '61.00', '103.00', '146.00', '111.00', '86.00', '77.00', '125.00', '25.00', '70.00', '72.00', '95.00'),
(7, 2010, '0.00', '0.20', '0.80', '0.90', '0.00', '0.30', '1.40', '0.80', '0.30', '0.30', '0.70', '0.90', '0.70', '1.40', '0.40', '0.60', '0.90', '0.40', '0.00', '0.40', '0.40', '0.40', '0.90', '0.40', '0.00', '0.20', '1.10', '1.40', '0.40', '0.60', '0.40', '0.60', '0.80', '1.90', '1.60', '0.60', '0.90', '0.50', '1.10', '1.10', '0.40', '1.80', '0.00', '0.70', '0.00', '0.40', '0.80', '0.00', '2.80', '1.20', '0.90', '1.00', '0.60', '0.50', '1.00', '0.50', '0.60', '0.60', '0.30', '0.80', '0.80', '1.70', '1.10', '1.00', '0.80', '0.90', '1.60', '0.70', '0.70', '0.40', '1.00', '0.80', '0.80', '0.60', '0.80', '1.00', '0.00', '1.60'),
(8, 2010, '10.90', '10.40', '14.60', '11.70', '10.80', '11.20', '11.80', '11.40', '11.60', '10.20', '11.90', '15.20', '12.70', '14.30', '13.50', '11.50', '11.70', '9.20', '13.20', '13.50', '13.80', '11.00', '11.20', '14.40', '10.00', '7.80', '13.10', '12.90', '17.80', '10.90', '16.10', '11.00', '10.90', '11.90', '17.80', '13.10', '11.70', '14.50', '13.50', '16.20', '15.20', '14.00', '9.80', '13.20', '12.80', '14.50', '11.60', '27.30', '18.20', '13.30', '15.30', '12.50', '13.80', '11.50', '11.30', '10.80', '13.50', '11.70', '10.90', '10.90', '11.90', '16.30', '12.70', '16.40', '12.30', '16.70', '15.60', '13.70', '12.20', '12.00', '14.00', '10.90', '10.00', '10.20', '14.60', '12.00', '17.00', '17.80'),
(9, 2011, '2674.00', '5323.00', '7503.00', '3821.00', '3363.00', '3731.00', '11806.00', '2835.00', '3420.00', '4524.00', '24772.00', '6463.00', '18520.00', '4649.00', '6773.00', '21892.00', '3827.00', '6109.00', '1750.00', '2570.00', '5863.00', '5711.00', '2759.00', '5216.00', '234.00', '5464.00', '4952.00', '1788.00', '2540.00', '6187.00', '2923.00', '11163.00', '6547.00', '5405.00', '1993.00', '7514.00', '5751.00', '2394.00', '7429.00', '5779.00', '3106.00', '3873.00', '1319.00', '5163.00', '4358.00', '2799.00', '5786.00', '821.00', '1562.00', '10137.00', '5517.00', '4798.00', '3894.00', '4074.00', '3304.00', '2437.00', '3594.00', '21695.00', '3394.00', '1763.00', '7131.00', '3315.00', '4400.00', '4283.00', '46352.00', '5355.00', '5340.00', '3551.00', '11053.00', '11658.00', '9770.00', '4311.00', '5591.00', '7861.00', '1175.00', '3776.00', '5052.00', '5244.00'),
(10, 2011, '2772.00', '5501.00', '8159.00', '4037.00', '3431.00', '3956.00', '12548.00', '2889.00', '3533.00', '4696.00', '26573.00', '6696.00', '19372.00', '4777.00', '7271.00', '22688.00', '3962.00', '6486.00', '1863.00', '2640.00', '6098.00', '6039.00', '3005.00', '5402.00', '215.00', '5555.00', '5105.00', '1823.00', '2620.00', '6546.00', '3017.00', '11748.00', '6598.00', '5775.00', '2090.00', '7706.00', '6178.00', '2597.00', '7676.00', '5918.00', '3416.00', '4076.00', '1318.00', '5583.00', '4429.00', '2778.00', '6260.00', '861.00', '1650.00', '10690.00', '5734.00', '5075.00', '3968.00', '4271.00', '3648.00', '2629.00', '3644.00', '22618.00', '3604.00', '1895.00', '7618.00', '3483.00', '4786.00', '4606.00', '47332.00', '5597.00', '5608.00', '3784.00', '11316.00', '12098.00', '10642.00', '4556.00', '5831.00', '8413.00', '1232.00', '4024.00', '5247.00', '5694.00'),
(11, 2011, '1175.00', '2228.00', '3435.00', '1723.00', '1491.00', '1586.00', '5146.00', '1315.00', '1498.00', '2045.00', '11290.00', '2914.00', '8322.00', '1902.00', '3181.00', '9708.00', '1700.00', '2650.00', '787.00', '1170.00', '2590.00', '2645.00', '1297.00', '2472.00', '104.00', '2414.00', '2211.00', '777.00', '1147.00', '2739.00', '1356.00', '4862.00', '2830.00', '2431.00', '849.00', '3319.00', '2561.00', '1109.00', '3306.00', '2599.00', '1443.00', '1670.00', '641.00', '2448.00', '1927.00', '1190.00', '2572.00', '388.00', '711.00', '4469.00', '2468.00', '2070.00', '1812.00', '1852.00', '1416.00', '1118.00', '1672.00', '10179.00', '1518.00', '816.00', '3049.00', '1505.00', '2038.00', '1952.00', '21707.00', '2312.00', '2393.00', '1575.00', '4592.00', '5238.00', '4571.00', '1916.00', '2621.00', '3500.00', '637.00', '1657.00', '2300.00', '2400.00'),
(12, 2011, '1225.00', '2424.00', '3806.00', '1935.00', '1572.00', '1728.00', '5585.00', '1410.00', '1713.00', '2024.00', '11946.00', '3012.00', '9067.00', '2187.00', '3225.00', '10212.00', '1840.00', '2981.00', '819.00', '1176.00', '2784.00', '2701.00', '1323.00', '2372.00', '105.00', '2815.00', '2328.00', '831.00', '1218.00', '2989.00', '1456.00', '5368.00', '3205.00', '2587.00', '941.00', '3530.00', '2782.00', '1121.00', '3536.00', '2912.00', '1440.00', '1819.00', '590.00', '2650.00', '2077.00', '1256.00', '2871.00', '384.00', '752.00', '4415.00', '2685.00', '2342.00', '2016.00', '1901.00', '1510.00', '1159.00', '1754.00', '10158.00', '1662.00', '849.00', '3472.00', '1571.00', '2071.00', '2065.00', '22279.00', '2561.00', '2562.00', '1777.00', '5277.00', '5611.00', '4870.00', '1981.00', '2824.00', '3921.00', '563.00', '1635.00', '2387.00', '2530.00'),
(13, 2011, '1505.00', '2938.00', '4101.00', '2114.00', '1767.00', '2100.00', '6499.00', '1467.00', '1860.00', '2413.00', '13564.00', '3625.00', '9988.00', '2577.00', '3704.00', '11731.00', '2059.00', '3375.00', '987.00', '1360.00', '3168.00', '3215.00', '1482.00', '2798.00', '118.00', '3020.00', '2641.00', '1016.00', '1341.00', '3461.00', '1595.00', '6066.00', '3580.00', '3087.00', '1152.00', '3998.00', '3256.00', '1299.00', '3953.00', '3087.00', '1751.00', '2121.00', '652.00', '2876.00', '2221.00', '1548.00', '3288.00', '438.00', '774.00', '5299.00', '3136.00', '2736.00', '1996.00', '2220.00', '1915.00', '1270.00', '1880.00', '11537.00', '1843.00', '1027.00', '3983.00', '1817.00', '2352.00', '2297.00', '23864.00', '2921.00', '3060.00', '2021.00', '6275.00', '6486.00', '5453.00', '2374.00', '2998.00', '4367.00', '574.00', '2158.00', '2717.00', '2986.00'),
(14, 2011, '1541.00', '3234.00', '4320.00', '2086.00', '1964.00', '2273.00', '7124.00', '1532.00', '1882.00', '2738.00', '14545.00', '3608.00', '10515.00', '2760.00', '3934.00', '12929.00', '2190.00', '3589.00', '1020.00', '1504.00', '3419.00', '3189.00', '1662.00', '2976.00', '122.00', '2770.00', '2877.00', '987.00', '1454.00', '3544.00', '1533.00', '6615.00', '3530.00', '3075.00', '1141.00', '4373.00', '3330.00', '1462.00', '4310.00', '3099.00', '1888.00', '2339.00', '754.00', '2772.00', '2562.00', '1583.00', '3315.00', '472.00', '975.00', '6644.00', '2962.00', '2725.00', '2038.00', '2372.00', '2111.00', '1519.00', '1932.00', '12439.00', '1975.00', '966.00', '4245.00', '1905.00', '2725.00', '2575.00', '25834.00', '3158.00', '2933.00', '1962.00', '6225.00', '6421.00', '5518.00', '2596.00', '2979.00', '4486.00', '633.00', '2350.00', '2895.00', '3022.00'),
(15, 2011, '100.00', '100.00', '99.66', '100.00', '100.00', '100.00', '99.69', '100.00', '100.00', '100.00', '99.34', '100.00', '99.50', '100.00', '98.84', '99.18', '99.76', '100.00', '100.00', '100.00', '99.75', '99.80', '100.00', '99.76', '100.00', '100.00', '99.90', '97.36', '100.00', '100.00', '100.00', '98.09', '100.00', '100.00', '100.00', '99.79', '100.00', '100.00', '100.00', '100.00', '100.00', '100.00', '100.00', '100.00', '99.88', '99.81', '99.51', '100.00', '100.00', '99.76', '100.00', '100.00', '100.00', '99.75', '99.73', '99.62', '100.00', '99.90', '100.00', '100.00', '99.75', '100.00', '100.00', '100.00', '97.27', '99.91', '99.81', '100.00', '100.00', '99.58', '99.25', '99.68', '99.51', '99.63', '100.00', '100.00', '100.00', '100.00'),
(16, 2011, '0.00', '0.00', '0.34', '0.00', '0.00', '0.00', '0.31', '0.00', '0.00', '0.00', '0.66', '0.00', '0.50', '0.00', '1.16', '0.82', '0.24', '0.00', '0.00', '0.00', '0.25', '0.20', '0.00', '0.24', '0.00', '0.00', '0.10', '2.64', '0.00', '0.00', '0.00', '1.91', '0.00', '0.00', '0.00', '0.21', '0.00', '0.00', '0.00', '0.00', '0.00', '0.00', '0.00', '0.00', '0.12', '0.19', '0.49', '0.00', '0.00', '0.24', '0.00', '0.00', '0.00', '0.25', '0.27', '0.38', '0.00', '0.10', '0.00', '0.00', '0.25', '0.00', '0.00', '0.00', '2.73', '0.09', '0.19', '0.00', '0.00', '0.42', '0.75', '0.32', '0.49', '0.37', '0.00', '0.00', '0.00', '0.00'),
(17, 2010, '0.00', '2.41', '4.98', '12.01', '18.07', '12.78', '8.07', '4.22', '0.00', '2.54', '6.79', '18.80', '9.15', '5.60', '11.89', '7.69', '21.54', '1.85', '18.87', '0.00', '5.52', '4.13', '4.48', '6.10', '0.00', '4.45', '4.36', '6.80', '17.78', '7.81', '10.95', '8.14', '12.10', '7.03', '21.62', '5.83', '4.26', '4.52', '9.76', '4.49', '3.70', '6.10', '0.00', '10.85', '0.00', '8.26', '5.91', '45.45', '13.99', '9.28', '2.18', '15.35', '9.40', '16.00', '3.33', '4.72', '2.94', '11.87', '0.00', '7.81', '11.86', '6.78', '7.96', '17.90', '9.29', '2.33', '2.23', '10.31', '3.69', '4.01', '6.09', '13.93', '4.18', '6.06', '7.69', '3.24', '9.73', '22.04'),
(18, 2010, '0.00', '43.55', '82.58', '224.22', '392.41', '244.05', '171.07', '73.48', '65.02', '49.04', '147.44', '372.75', '176.18', '100.91', '251.49', '170.63', '405.09', '36.17', '376.41', '0.00', '113.85', '73.88', '73.64', '204.25', '0.00', '119.19', '88.07', '125.94', '337.55', '142.50', '213.68', '160.13', '206.33', '120.72', '476.76', '117.61', '75.64', '87.95', '176.32', '74.46', '67.43', '117.51', '0.00', '200.88', '48.88', '161.94', '111.44', '473.93', '282.49', '217.63', '39.15', '272.60', '158.48', '320.17', '69.25', '87.11', '58.28', '249.98', '0.00', '116.41', '221.87', '195.82', '143.61', '352.82', '199.91', '42.02', '39.81', '243.90', '64.59', '92.76', '127.44', '259.61', '112.44', '135.69', '156.74', '58.34', '167.01', '446.61'),
(19, 2010, '0.00', '18.08', '0.00', '0.00', '0.00', '25.38', '0.00', '0.00', '0.00', '21.78', '11.42', '29.94', '10.35', '20.31', '14.17', '8.87', '0.00', '0.00', '0.00', '0.00', '0.00', '16.65', '34.86', '0.00', '0.00', '17.24', '0.00', '0.00', '37.57', '15.00', '0.00', '0.00', '0.00', '0.00', '46.77', '0.00', '0.00', '0.00', '0.00', '16.59', '0.00', '0.00', '0.00', '18.17', '22.57', '0.00', '0.00', '0.00', '0.00', '40.69', '0.00', '58.70', '0.00', '0.00', '0.00', '0.00', '27.09', '8.93', '55.20', '0.00', '0.00', '0.00', '21.82', '22.52', '10.58', '17.91', '0.00', '25.78', '0.00', '0.00', '18.98', '0.00', '0.00', '116.90', '0.00', '0.00', '18.98', '0.00'),
(20, 2010, '62.34', '30.38', '0.00', '0.00', '145.84', '0.00', '13.84', '63.09', '0.00', '0.00', '53.48', '28.08', '28.28', '0.00', '102.15', '60.71', '132.86', '135.54', '95.79', '0.00', '0.00', '30.52', '0.00', '0.00', '0.00', '110.29', '34.19', '0.00', '0.00', '57.72', '63.21', '44.63', '116.62', '128.29', '0.00', '89.79', '30.01', '0.00', '92.76', '64.89', '0.00', '41.22', '0.00', '180.44', '185.53', '126.74', '120.59', '0.00', '0.00', '78.09', '34.14', '35.92', '148.51', '0.00', '45.98', '0.00', '48.08', '77.14', '50.03', '0.00', '140.75', '53.65', '0.00', '0.00', '82.52', '92.82', '68.26', '0.00', '114.14', '90.94', '89.80', '36.91', '33.50', '44.08', '0.00', '81.17', '103.77', '0.00'),
(21, 2010, '17.83', '26.98', '18.72', '50.16', '128.28', '64.23', '40.11', '34.33', '14.23', '21.24', '53.07', '106.12', '52.03', '31.10', '91.86', '59.09', '124.07', '46.65', '107.24', '0.00', '24.82', '33.36', '33.82', '46.23', '0.00', '63.41', '29.06', '27.09', '94.46', '54.10', '65.95', '46.69', '76.61', '61.76', '123.46', '51.39', '24.78', '19.54', '64.82', '42.38', '15.00', '36.32', '0.00', '102.19', '76.32', '70.34', '56.65', '115.41', '60.70', '90.46', '17.53', '99.05', '76.50', '70.02', '28.02', '19.04', '40.06', '83.06', '42.02', '26.48', '86.49', '57.98', '42.62', '88.16', '74.67', '44.65', '26.81', '67.17', '44.37', '45.10', '62.47', '65.33', '34.72', '101.34', '40.67', '36.96', '75.80', '97.87'),
(22, 2010, '-', '94.70', '96.50', '96.90', '92.80', '98.30', '95.40', '-', '96.50', '99.70', '95.40', '93.60', '95.60', '97.80', '97.80', '93.00', '96.20', '90.70', '-', '-', '94.30', '97.30', '92.10', '95.50', '-', '95.40', '97.90', '-', '96.00', '98.60', '97.50', '96.40', '96.10', '96.30', '-', '96.10', '95.00', '-', '97.00', '95.90', '95.10', '89.50', '-', '96.90', '93.10', '94.50', '95.00', '-', '-', '96.00', '96.80', '98.20', '98.80', '94.60', '98.60', '96.60', '99.40', '97.10', '94.80', '-', '95.70', '94.40', '96.50', '97.60', '94.20', '94.50', '97.60', '97.40', '95.40', '95.50', '94.90', '92.70', '98.10', '96.90', '-', '-', '94.80', '97.10'),
(23, 2011, '19455.00', '41912.00', '60898.00', '28625.00', '25877.00', '29231.00', '96374.00', '19547.00', '24790.00', '30266.00', '207960.00', '50886.00', '142749.00', '35119.00', '47587.00', '176633.00', '28106.00', '48073.00', '13622.00', '18758.00', '43421.00', '40453.00', '20752.00', '37097.00', '1818.00', '38109.00', '36965.00', '12662.00', '19409.00', '45312.00', '21559.00', '97864.00', '45308.00', '41916.00', '17243.00', '58417.00', '45589.00', '16616.00', '50679.00', '40236.00', '25730.00', '30716.00', '9874.00', '38626.00', '30020.00', '20042.00', '44076.00', '6272.00', '12216.00', '89028.00', '40050.00', '32555.00', '26680.00', '30367.00', '23391.00', '19257.00', '24240.00', '166164.00', '25893.00', '15192.00', '54253.00', '25241.00', '31039.00', '35511.00', '395074.00', '41010.00', '42400.00', '23238.00', '73954.00', '89513.00', '74754.00', '33123.00', '39908.00', '59597.00', '9303.00', '26031.00', '37896.00', '42006.00'),
(24, 2011, '1376.00', '3046.00', '3992.00', '1966.00', '1974.00', '1872.00', '6334.00', '1275.00', '1579.00', '2613.00', '14769.00', '2978.00', '9584.00', '2268.00', '3272.00', '11568.00', '2265.00', '3458.00', '899.00', '1410.00', '3238.00', '2833.00', '1624.00', '2733.00', '101.00', '2177.00', '2452.00', '898.00', '1299.00', '3169.00', '1562.00', '6194.00', '2818.00', '2843.00', '979.00', '4011.00', '2906.00', '1291.00', '3528.00', '2603.00', '1658.00', '2195.00', '741.00', '2566.00', '2453.00', '1264.00', '2834.00', '488.00', '866.00', '9998.00', '2852.00', '2546.00', '1795.00', '2367.00', '1754.00', '1357.00', '1976.00', '12562.00', '1769.00', '833.00', '3658.00', '1580.00', '2006.00', '2563.00', '28082.00', '2777.00', '2554.00', '1414.00', '5132.00', '6401.00', '4926.00', '2347.00', '2814.00', '3999.00', '642.00', '2066.00', '2654.00', '2826.00'),
(25, 2011, '1321.00', '2651.00', '3927.00', '1925.00', '1651.00', '1781.00', '5835.00', '1294.00', '1631.00', '2113.00', '14711.00', '2742.00', '9180.00', '2165.00', '2724.00', '11417.00', '1903.00', '3082.00', '807.00', '1229.00', '2934.00', '2685.00', '1473.00', '2575.00', '114.00', '2252.00', '2126.00', '777.00', '1238.00', '3311.00', '1439.00', '6419.00', '2806.00', '2682.00', '952.00', '3678.00', '2808.00', '1142.00', '3178.00', '2821.00', '1475.00', '2031.00', '648.00', '2697.00', '1995.00', '1177.00', '2798.00', '434.00', '699.00', '5388.00', '2753.00', '2258.00', '1890.00', '2070.00', '1523.00', '1172.00', '1673.00', '11097.00', '1693.00', '847.00', '3440.00', '1498.00', '2057.00', '2139.00', '27218.00', '2805.00', '2558.00', '1441.00', '4605.00', '6433.00', '4898.00', '1995.00', '2627.00', '3869.00', '529.00', '1693.00', '2300.00', '2518.00'),
(26, 2011, '1190.00', '2829.00', '4099.00', '2025.00', '1533.00', '1958.00', '6400.00', '1332.00', '1955.00', '1930.00', '14110.00', '3264.00', '9597.00', '2448.00', '3248.00', '12181.00', '1743.00', '3150.00', '855.00', '1140.00', '2949.00', '2741.00', '1342.00', '2470.00', '114.00', '2752.00', '2325.00', '913.00', '1334.00', '3346.00', '1411.00', '6517.00', '3477.00', '2815.00', '1105.00', '3844.00', '3134.00', '1132.00', '3538.00', '3232.00', '1529.00', '1965.00', '624.00', '3087.00', '2012.00', '1333.00', '2843.00', '387.00', '741.00', '4985.00', '2906.00', '2189.00', '2050.00', '2076.00', '1369.00', '1060.00', '1481.00', '10516.00', '1820.00', '1031.00', '3643.00', '1670.00', '2104.00', '2110.00', '25710.00', '2783.00', '2673.00', '1831.00', '5539.00', '6335.00', '5382.00', '1930.00', '2811.00', '3949.00', '511.00', '1612.00', '2537.00', '2701.00'),
(27, 2011, '1086.00', '2580.00', '3961.00', '1777.00', '1462.00', '1958.00', '6315.00', '1331.00', '1752.00', '1647.00', '12775.00', '3709.00', '9589.00', '2370.00', '3435.00', '11662.00', '1578.00', '2980.00', '939.00', '1039.00', '2835.00', '2776.00', '1222.00', '2180.00', '131.00', '3015.00', '2602.00', '875.00', '1145.00', '3178.00', '1350.00', '6446.00', '3617.00', '2908.00', '1174.00', '3892.00', '3158.00', '988.00', '3444.00', '3154.00', '1580.00', '1935.00', '596.00', '2794.00', '1888.00', '1374.00', '2728.00', '380.00', '790.00', '4551.00', '2671.00', '2163.00', '1913.00', '1643.00', '1488.00', '1116.00', '1517.00', '9949.00', '1631.00', '972.00', '3770.00', '1649.00', '2011.00', '2089.00', '24310.00', '2614.00', '2675.00', '1820.00', '5565.00', '5846.00', '5085.00', '1874.00', '2663.00', '3854.00', '494.00', '1614.00', '2441.00', '2710.00'),
(28, 2011, '1284.00', '2985.00', '3845.00', '1788.00', '1673.00', '2085.00', '6594.00', '1169.00', '1664.00', '1985.00', '12801.00', '3560.00', '9554.00', '2461.00', '3498.00', '11706.00', '1616.00', '3190.00', '871.00', '1169.00', '2949.00', '2622.00', '1312.00', '2346.00', '113.00', '2741.00', '2510.00', '855.00', '1134.00', '2922.00', '1291.00', '6733.00', '3408.00', '2960.00', '1096.00', '3621.00', '3091.00', '1090.00', '3346.00', '2677.00', '1642.00', '1967.00', '605.00', '2576.00', '1829.00', '1284.00', '2671.00', '397.00', '771.00', '4601.00', '2681.00', '2137.00', '1620.00', '1958.00', '1582.00', '1268.00', '1515.00', '9596.00', '1696.00', '1016.00', '3839.00', '1564.00', '1887.00', '2149.00', '24884.00', '2809.00', '2532.00', '1523.00', '5613.00', '5678.00', '5247.00', '2053.00', '2583.00', '3884.00', '561.00', '1637.00', '2426.00', '2727.00'),
(29, 2011, '1305.00', '3151.00', '3897.00', '1997.00', '1902.00', '1988.00', '6397.00', '1179.00', '1496.00', '2165.00', '14342.00', '3155.00', '9631.00', '2351.00', '3318.00', '11738.00', '1950.00', '3261.00', '832.00', '1316.00', '3182.00', '2550.00', '1548.00', '2650.00', '132.00', '2579.00', '2190.00', '762.00', '1103.00', '2864.00', '1257.00', '7084.00', '3212.00', '2896.00', '1011.00', '3791.00', '3150.00', '1078.00', '3367.00', '2497.00', '1511.00', '2022.00', '665.00', '2337.00', '2072.00', '1188.00', '2795.00', '429.00', '811.00', '5088.00', '2776.00', '2210.00', '1493.00', '2155.00', '1635.00', '1379.00', '1618.00', '10135.00', '1759.00', '1043.00', '3627.00', '1512.00', '1943.00', '2176.00', '26551.00', '2955.00', '2758.00', '1405.00', '5744.00', '6163.00', '5140.00', '2131.00', '2672.00', '4040.00', '586.00', '1718.00', '2657.00', '2803.00'),
(30, 2011, '1288.00', '3058.00', '3918.00', '1950.00', '1854.00', '1936.00', '5947.00', '1156.00', '1365.00', '1977.00', '13522.00', '2891.00', '9177.00', '2228.00', '2915.00', '10550.00', '1957.00', '3162.00', '751.00', '1400.00', '2984.00', '2619.00', '1389.00', '2459.00', '123.00', '2344.00', '2063.00', '757.00', '1092.00', '2861.00', '1452.00', '7113.00', '2885.00', '2562.00', '1039.00', '3800.00', '2944.00', '1036.00', '3171.00', '2389.00', '1711.00', '2043.00', '665.00', '2470.00', '2066.00', '1273.00', '2905.00', '432.00', '795.00', '5437.00', '2593.00', '2098.00', '1502.00', '2089.00', '1593.00', '1355.00', '1617.00', '10654.00', '1585.00', '950.00', '3206.00', '1594.00', '1868.00', '2214.00', '26266.00', '2838.00', '2769.00', '1263.00', '4909.00', '5724.00', '4801.00', '2285.00', '2590.00', '3883.00', '690.00', '1764.00', '2600.00', '2916.00'),
(31, 2011, '1249.00', '2824.00', '3745.00', '1789.00', '1638.00', '1756.00', '5687.00', '1161.00', '1341.00', '1689.00', '12177.00', '3032.00', '8374.00', '2142.00', '2607.00', '10400.00', '1815.00', '2962.00', '750.00', '1091.00', '2725.00', '2217.00', '1185.00', '2186.00', '143.00', '2238.00', '1875.00', '801.00', '1244.00', '2565.00', '1332.00', '6271.00', '2467.00', '2434.00', '1009.00', '3862.00', '2706.00', '967.00', '2721.00', '2185.00', '1651.00', '1869.00', '611.00', '2368.00', '1807.00', '1167.00', '2788.00', '412.00', '763.00', '5393.00', '2418.00', '1786.00', '1486.00', '1898.00', '1344.00', '1249.00', '1376.00', '10361.00', '1544.00', '942.00', '3164.00', '1502.00', '1830.00', '2185.00', '24975.00', '2591.00', '2736.00', '1148.00', '3940.00', '5223.00', '4563.00', '2213.00', '2171.00', '3482.00', '614.00', '1521.00', '2449.00', '2696.00'),
(32, 2011, '1144.00', '2408.00', '3995.00', '1625.00', '1494.00', '1835.00', '6097.00', '1165.00', '1472.00', '1457.00', '11427.00', '3351.00', '8177.00', '2167.00', '2627.00', '10915.00', '1559.00', '2979.00', '961.00', '1044.00', '2471.00', '2277.00', '1124.00', '1952.00', '116.00', '2325.00', '2240.00', '718.00', '1372.00', '2506.00', '1343.00', '5606.00', '2330.00', '2499.00', '1285.00', '3798.00', '2821.00', '883.00', '2788.00', '2140.00', '1803.00', '1890.00', '629.00', '2260.00', '1505.00', '1283.00', '2601.00', '370.00', '822.00', '5609.00', '2212.00', '1544.00', '1525.00', '1666.00', '1217.00', '1238.00', '1266.00', '10196.00', '1621.00', '1089.00', '3411.00', '1664.00', '1830.00', '2406.00', '23061.00', '2209.00', '2933.00', '1242.00', '3305.00', '5243.00', '4177.00', '2146.00', '2215.00', '3360.00', '625.00', '1394.00', '2352.00', '2637.00'),
(33, 2011, '884.00', '1869.00', '3244.00', '1249.00', '1198.00', '1478.00', '5028.00', '1000.00', '1180.00', '1073.00', '9890.00', '2877.00', '6737.00', '1720.00', '2112.00', '9281.00', '1149.00', '2299.00', '786.00', '838.00', '1835.00', '1713.00', '911.00', '1578.00', '91.00', '1687.00', '2002.00', '605.00', '1147.00', '1905.00', '1039.00', '4704.00', '1857.00', '2159.00', '1062.00', '2893.00', '2339.00', '690.00', '2110.00', '1687.00', '1498.00', '1446.00', '437.00', '1680.00', '1164.00', '1069.00', '2226.00', '292.00', '666.00', '4868.00', '1689.00', '1198.00', '1256.00', '1332.00', '883.00', '971.00', '984.00', '7938.00', '1269.00', '945.00', '2729.00', '1336.00', '1405.00', '2099.00', '18472.00', '1851.00', '2324.00', '970.00', '2580.00', '4102.00', '3378.00', '1662.00', '1822.00', '2923.00', '526.00', '1008.00', '1656.00', '2017.00'),
(34, 2011, '636.00', '1399.00', '2458.00', '984.00', '914.00', '1205.00', '4055.00', '691.00', '867.00', '828.00', '8844.00', '2300.00', '5498.00', '1201.00', '1469.00', '7437.00', '911.00', '1727.00', '600.00', '624.00', '1223.00', '1355.00', '675.00', '1223.00', '72.00', '1173.00', '1570.00', '393.00', '777.00', '1405.00', '806.00', '3759.00', '1347.00', '1527.00', '952.00', '2206.00', '1673.00', '433.00', '1583.00', '1169.00', '1164.00', '1141.00', '370.00', '1178.00', '791.00', '794.00', '1720.00', '188.00', '468.00', '3796.00', '1259.00', '922.00', '908.00', '934.00', '635.00', '721.00', '666.00', '6462.00', '938.00', '718.00', '1956.00', '1130.00', '1089.00', '1588.00', '15147.00', '1350.00', '1781.00', '718.00', '1880.00', '3179.00', '2468.00', '1122.00', '1382.00', '2197.00', '429.00', '724.00', '1222.00', '1563.00'),
(35, 2011, '479.00', '1004.00', '1759.00', '783.00', '684.00', '763.00', '3002.00', '439.00', '661.00', '614.00', '7050.00', '1698.00', '4059.00', '859.00', '1018.00', '5520.00', '693.00', '1317.00', '375.00', '454.00', '908.00', '941.00', '488.00', '826.00', '42.00', '828.00', '1209.00', '279.00', '586.00', '1108.00', '589.00', '3169.00', '893.00', '1045.00', '719.00', '1614.00', '1180.00', '326.00', '1133.00', '811.00', '831.00', '867.00', '248.00', '857.00', '537.00', '518.00', '1228.00', '152.00', '289.00', '3261.00', '835.00', '618.00', '630.00', '681.00', '525.00', '449.00', '509.00', '4755.00', '610.00', '481.00', '1330.00', '704.00', '706.00', '1196.00', '12919.00', '894.00', '1277.00', '514.00', '1203.00', '2235.00', '1735.00', '956.00', '957.00', '1534.00', '305.00', '546.00', '801.00', '1218.00'),
(36, 2011, '304.00', '551.00', '1115.00', '428.00', '442.00', '438.00', '1956.00', '242.00', '408.00', '376.00', '4877.00', '1115.00', '2628.00', '546.00', '586.00', '3481.00', '478.00', '855.00', '245.00', '301.00', '561.00', '575.00', '273.00', '568.00', '36.00', '479.00', '769.00', '190.00', '327.00', '609.00', '307.00', '2246.00', '552.00', '688.00', '389.00', '969.00', '831.00', '222.00', '661.00', '559.00', '521.00', '525.00', '166.00', '492.00', '357.00', '333.00', '863.00', '79.00', '189.00', '2012.00', '505.00', '426.00', '391.00', '484.00', '343.00', '330.00', '268.00', '3155.00', '403.00', '268.00', '777.00', '456.00', '452.00', '691.00', '10360.00', '703.00', '903.00', '257.00', '773.00', '1367.00', '1141.00', '636.00', '550.00', '1005.00', '174.00', '326.00', '554.00', '725.00'),
(37, 2010, '60.40', '51.80', '55.00', '68.50', '76.20', '56.90', '56.90', '76.80', '61.20', '79.90', '65.60', '57.70', '65.10', '47.30', '64.90', '67.20', '81.50', '71.60', '67.30', '76.60', '67.20', '68.80', '76.20', '71.30', '50.00', '57.70', '69.10', '70.70', '72.90', '70.90', '67.50', '52.10', '54.40', '56.20', '58.40', '67.90', '51.20', '73.30', '63.40', '60.00', '63.30', '56.40', '52.80', '60.70', '82.80', '67.40', '66.50', '68.20', '81.10', '67.20', '42.00', '69.10', '56.10', '75.20', '75.00', '70.80', '69.40', '70.10', '52.50', '63.30', '59.70', '61.00', '75.60', '61.60', '72.50', '68.60', '51.60', '63.60', '53.90', '65.30', '64.30', '62.10', '61.10', '65.60', '87.70', '76.70', '75.90', '64.90'),
(38, 2011, '7.05', '8.33', '6.92', '6.54', '2.69', '7.31', '3.97', '1.92', '4.87', '3.21', '3.72', '8.08', '2.95', '6.67', '3.08', '2.82', '9.49', '2.18', '1.79', '3.46', '9.36', '5.64', '1.03', '6.28', '0.00', '9.87', '6.79', '1.15', '3.85', '8.97', '0.38', '9.10', '2.44', '7.69', '2.31', '9.74', '0.90', '6.03', '8.85', '3.59', '0.51', '8.21', '0.26', '9.23', '1.28', '0.77', '6.41', '0.13', '7.95', '9.62', '8.72', '5.51', '2.05', '8.59', '7.82', '1.41', '7.44', '4.23', '5.26', '8.46', '1.54', '5.13', '4.49', '6.15', '2.56', '5.00', '7.56', '5.77', '4.36', '5.90', '1.67', '4.62', '3.33', '5.38', '0.64', '4.10', '4.74', '7.18'),
(39, 2011, '13.69', '9.49', '15.82', '12.19', '34.23', '13.04', '16.83', '23.50', '12.27', '20.72', '17.12', '6.20', '19.77', '11.70', '29.40', '24.14', '2.24', '24.59', '20.83', '21.60', '5.23', '12.27', '34.36', '12.60', '55.77', '1.31', '10.16', '44.97', '16.54', '4.93', '59.09', '3.93', '18.41', '8.72', '18.50', '0.80', '43.44', '12.38', '6.93', '19.69', '51.73', '10.97', '55.95', '3.31', '42.13', '45.10', '14.69', '150.32', '9.63', '2.31', '3.32', '12.36', '25.30', '6.34', '10.37', '9.75', '12.77', '17.50', '16.88', '3.54', '23.41', '16.25', '15.30', '13.60', '27.82', '13.02', '9.68', '6.29', '14.29', '12.46', '28.36', '18.39', '14.04', '3.74', '70.69', '15.28', '8.94', '10.81'),
(40, 2011, '1.61', '0.51', '1.40', '1.96', '1.45', '0.58', '1.00', '2.70', '1.28', '1.45', '1.00', '1.53', '1.70', '1.29', '1.43', '1.53', '0.14', '1.76', '3.02', '0.00', '0.00', '0.94', '4.39', '0.52', '14.55', '0.10', '1.20', '4.86', '1.48', '0.00', '7.00', '0.57', '2.14', '0.30', '5.25', '0.00', '2.78', '1.11', '0.80', '2.65', '2.55', '0.69', '0.83', '0.10', '2.47', '18.00', '2.09', '7.13', '1.38', '0.00', '0.78', '3.23', '1.56', '1.06', '0.96', '2.17', '2.25', '1.58', '0.32', '0.00', '3.90', '0.00', '0.60', '0.12', '1.66', '1.51', '1.70', '1.65', '1.34', '0.78', '3.82', '1.23', '3.39', '0.20', '4.10', '2.38', '2.34', '1.00'),
(41, 2011, '0.00', '0.00', '0.00', '0.00', '0.00', '0.00', '0.00', '0.00', '0.00', '0.00', '0.00', '0.00', '0.00', '0.00', '0.00', '0.00', '0.00', '0.00', '0.00', '0.00', '0.00', '0.00', '0.00', '0.00', '0.00', '0.00', '0.00', '0.00', '0.00', '0.00', '0.00', '0.00', '0.00', '0.00', '0.00', '0.00', '0.00', '0.00', '0.00', '0.00', '0.00', '0.00', '0.00', '0.00', '0.00', '0.00', '0.00', '0.00', '0.00', '0.00', '0.00', '0.00', '0.00', '0.00', '0.00', '0.00', '0.00', '0.07', '0.00', '0.00', '0.00', '0.00', '0.00', '0.00', '0.00', '0.00', '0.00', '0.00', '0.00', '0.00', '0.00', '0.00', '0.00', '0.13', '0.00', '0.00', '0.00', '0.00'),
(42, 2011, '1.61', '0.82', '1.75', '4.48', '2.42', '2.75', '2.00', '6.55', '7.17', '8.19', '3.44', '2.89', '4.39', '3.16', '1.99', '7.94', '1.12', '5.71', '4.23', '4.61', '0.19', '3.75', '18.71', '1.46', '65.47', '0.00', '2.08', '6.68', '7.64', '0.52', '16.38', '0.43', '10.96', '1.98', '11.60', '0.15', '13.00', '4.86', '1.39', '5.40', '7.49', '2.47', '2.49', '1.04', '9.14', '7.71', '2.90', '24.62', '2.06', '0.11', '1.56', '2.00', '8.10', '0.79', '0.48', '13.43', '1.65', '3.65', '2.37', '0.30', '3.60', '1.95', '2.65', '2.50', '8.34', '5.76', '1.30', '4.79', '5.13', '4.09', '9.74', '2.84', '5.42', '5.68', '5.93', '3.37', '2.98', '1.50'),
(43, 2011, '3.22', '1.43', '2.10', '1.54', '3.39', '3.91', '3.99', '7.70', '5.26', '3.73', '5.19', '3.91', '5.79', '4.21', '1.67', '3.56', '0.00', '5.18', '9.36', '4.40', '0.37', '2.72', '5.15', '0.73', '201.26', '0.00', '3.71', '3.65', '2.33', '1.73', '7.92', '0.53', '9.42', '2.58', '8.01', '0.22', '9.56', '3.54', '1.75', '6.25', '15.14', '0.96', '34.40', '1.14', '3.83', '4.15', '3.08', '27.86', '1.03', '0.84', '2.74', '7.57', '9.10', '1.98', '1.28', '19.50', '1.20', '6.06', '2.05', '1.18', '8.33', '1.95', '4.34', '3.12', '6.17', '2.02', '3.19', '3.45', '3.34', '2.76', '4.20', '2.59', '6.20', '3.88', '4.10', '4.77', '2.23', '3.00'),
(44, 2011, '4.83', '3.88', '4.06', '5.89', '6.78', '2.61', '9.62', '15.41', '3.83', '7.95', '10.03', '2.97', '13.28', '5.26', '8.18', '7.57', '1.12', '13.53', '17.51', '9.44', '0.47', '8.71', '24.43', '11.04', '237.63', '0.70', '7.97', '16.71', '6.36', '1.39', '17.12', '1.34', '10.02', '6.34', '7.46', '1.16', '21.35', '4.86', '0.51', '5.87', '25.87', '1.10', '16.99', '0.83', '10.50', '17.80', '3.26', '54.43', '4.47', '0.21', '4.30', '3.67', '11.94', '3.96', '6.38', '20.37', '3.00', '3.40', '7.57', '10.04', '17.94', '9.10', '9.04', '7.11', '5.11', '6.97', '4.69', '11.39', '8.66', '6.99', '10.39', '5.80', '12.97', '15.04', '17.33', '6.31', '12.98', '6.50'),
(45, 2011, '47.90', '41.30', '40.50', '44.00', '38.20', '43.40', '39.50', '40.40', '45.20', '49.40', '40.80', '42.60', '43.10', '43.90', '41.60', '39.40', '37.80', '42.10', '42.10', '44.50', '43.50', '46.00', '44.30', '44.30', '22.40', '46.90', '41.30', '40.60', '40.50', '46.70', '47.60', '40.50', '47.30', '46.20', '32.00', '39.60', '42.20', '43.40', '50.10', '44.40', '38.80', '40.50', '50.40', '41.20', '43.30', '38.30', '41.00', '41.40', '42.50', '33.50', '40.20', '45.60', '50.50', '47.60', '41.80', '44.80', '53.60', '40.90', '44.10', '40.00', '43.30', '42.00', '44.80', '38.20', '38.70', '41.80', '35.60', '50.30', '53.00', '43.60', '46.20', '38.50', '42.90', '42.80', '36.30', '45.80', '46.20', '41.00'),
(46, 2011, '47.80', '34.50', '44.10', '26.40', '54.70', '44.60', '39.40', '82.60', '53.60', '69.40', '50.70', '41.10', '51.20', '24.20', '66.80', '52.10', '50.20', '58.60', '42.10', '65.10', '67.10', '63.50', '42.90', '63.20', '0.00', '59.90', '60.30', '62.90', '53.50', '56.90', '32.70', '47.30', '53.40', '26.20', '77.00', '54.90', '41.20', '63.80', '58.10', '62.00', '35.50', '62.00', '63.20', '42.70', '63.10', '61.40', '47.80', '59.60', '51.40', '38.90', '54.00', '68.90', '60.00', '41.20', '67.60', '36.60', '57.10', '56.50', '50.40', '30.20', '63.50', '39.50', '59.80', '47.20', '48.40', '53.40', '50.70', '63.70', '57.80', '54.20', '54.90', '63.90', '55.20', '33.20', '42.10', '71.90', '51.70', '43.20'),
(47, 2011, '58.70', '59.60', '57.50', '55.90', '66.70', '56.10', '58.00', '68.30', '62.30', '65.80', '59.70', '57.20', '59.50', '56.90', '68.10', '62.60', '67.40', '64.10', '58.20', '62.30', '69.30', '61.10', '65.60', '65.10', '47.00', '64.70', '66.60', '73.10', '58.00', '60.70', '56.40', '57.10', '65.00', '60.20', '48.30', '59.20', '58.40', '62.30', '65.30', '66.30', '64.00', '63.40', '65.30', '66.80', '68.10', '58.50', '66.00', '66.20', '59.50', '58.80', '65.70', '68.50', '62.70', '56.50', '72.00', '53.90', '70.30', '63.10', '62.40', '63.60', '61.20', '58.10', '64.50', '53.60', '60.60', '64.70', '55.30', '64.70', '63.90', '64.80', '64.30', '56.70', '60.30', '52.20', '57.80', '58.50', '60.50', '54.70'),
(48, 2010, '-', '51.30', '42.00', '28.80', '54.80', '38.50', '51.80', '67.10', '60.10', '66.90', '51.30', '63.40', '65.60', '56.40', '54.30', '43.20', '51.30', '80.80', '72.10', '50.70', '79.30', '56.20', '35.60', '41.00', '86.20', '43.70', '58.60', '65.20', '49.40', '66.10', '47.90', '52.00', '48.00', '73.00', '50.50', '58.50', '49.70', '47.90', '70.40', '51.10', '52.70', '46.30', '64.30', '50.50', '37.90', '57.80', '45.80', '41.10', '47.60', '60.10', '52.20', '69.30', '59.10', '31.60', '56.30', '57.90', '61.50', '47.60', '47.90', '33.00', '61.80', '39.40', '64.30', '49.40', '57.00', '67.80', '44.30', '50.40', '37.90', '49.20', '63.80', '56.30', '52.50', '55.00', '46.50', '62.50', '53.70', '59.30'),
(49, 2011, '0.00', '0.00', '0.30', '0.50', '0.00', '0.80', '0.10', '0.00', '0.00', '2.60', '1.40', '0.00', '1.10', '0.00', '1.60', '0.80', '0.00', '0.30', '1.90', '0.00', '1.30', '1.20', '0.00', '0.00', '0.00', '0.70', '0.20', '1.20', '0.70', '0.00', '1.30', '1.00', '0.40', '0.00', '0.00', '0.90', '0.30', '0.00', '1.30', '2.20', '0.00', '0.00', '0.00', '1.70', '0.50', '3.70', '1.00', '6.40', '1.80', '1.10', '0.00', '2.40', '2.00', '1.30', '0.00', '0.00', '0.90', '0.60', '0.00', '0.00', '0.50', '0.00', '2.60', '0.60', '1.00', '3.60', '1.00', '0.00', '0.40', '0.70', '1.30', '0.60', '0.70', '0.70', '0.90', '0.60', '1.60', '1.20'),
(50, 2011, '9.35', '7.61', '7.99', '4.17', '9.58', '8.65', '9.72', '15.75', '8.64', '15.83', '11.14', '7.71', '11.91', '2.55', '18.87', '11.78', '9.30', '15.69', '16.22', '12.57', '17.15', '12.49', '10.59', '14.85', '27.46', '10.29', '15.71', '12.02', '4.73', '14.46', '13.14', '11.17', '11.07', '3.37', '14.71', '13.75', '10.97', '20.14', '11.54', '12.94', '9.31', '12.75', '13.81', '17.46', '14.93', '17.07', '7.94', '22.56', '14.44', '9.78', '9.96', '14.93', '18.59', '8.91', '22.38', '10.17', '14.71', '15.04', '8.39', '3.09', '16.27', '11.52', '15.45', '14.60', '12.65', '17.24', '11.65', '12.92', '13.42', '13.82', '11.73', '18.73', '13.42', '3.05', '14.26', '20.81', '14.92', '8.56'),
(51, 2011, '5.10', '4.60', '2.80', '0.00', '0.00', '0.00', '1.30', '3.60', '3.70', '0.00', '0.90', '0.00', '1.40', '0.80', '0.00', '0.30', '0.00', '2.40', '6.80', '1.20', '1.50', '3.70', '0.00', '0.00', '0.00', '0.00', '1.80', '0.00', '0.00', '0.00', '0.00', '2.90', '0.00', '0.00', '0.00', '0.70', '2.00', '0.00', '0.00', '0.60', '0.00', '1.40', '0.00', '1.50', '0.00', '0.80', '1.00', '5.80', '0.00', '0.70', '2.80', '1.90', '0.00', '1.60', '0.00', '1.50', '3.80', '1.10', '2.30', '5.40', '1.70', '0.00', '0.00', '6.30', '0.50', '0.00', '1.00', '0.00', '0.00', '2.50', '1.70', '0.00', '2.30', '0.00', '0.00', '0.00', '2.50', '2.80'),
(52, 2011, '0.20', '1.60', '1.70', '0.40', '1.20', '2.00', '0.50', '0.00', '0.40', '0.30', '1.10', '0.30', '0.60', '0.00', '0.10', '0.80', '0.90', '0.00', '1.00', '1.00', '0.60', '0.50', '0.00', '0.00', '3.10', '1.10', '2.50', '0.00', '0.00', '2.00', '0.40', '0.90', '0.90', '0.00', '0.00', '0.20', '0.80', '1.80', '1.20', '0.00', '0.00', '1.80', '0.00', '1.20', '0.40', '2.10', '0.60', '1.60', '0.00', '0.90', '0.70', '3.00', '1.80', '0.50', '1.40', '2.20', '1.00', '1.70', '1.20', '0.40', '1.80', '0.50', '1.10', '1.90', '1.10', '0.00', '2.40', '0.90', '0.20', '0.90', '0.30', '0.00', '0.10', '0.20', '0.90', '0.40', '1.40', '1.10'),
(53, 2011, '0.00', '0.00', '0.00', '0.00', '0.00', '0.00', '0.00', '0.00', '0.00', '0.00', '0.00', '0.00', '0.00', '0.00', '0.00', '0.00', '0.00', '0.30', '0.00', '0.00', '0.00', '0.00', '0.00', '0.00', '0.00', '0.00', '1.00', '0.00', '0.00', '0.00', '0.00', '0.60', '0.00', '0.00', '0.00', '0.00', '0.00', '0.00', '0.00', '0.00', '0.00', '0.00', '0.00', '0.00', '0.00', '0.00', '0.00', '0.00', '0.00', '0.00', '0.00', '0.00', '0.00', '0.00', '0.00', '0.00', '0.00', '0.30', '0.00', '0.00', '0.00', '0.00', '0.00', '0.00', '0.60', '0.00', '0.00', '0.00', '0.00', '0.00', '0.00', '0.00', '0.00', '0.00', '0.00', '0.00', '0.00', '0.00'),
(54, 2011, '0.00', '0.00', '0.20', '0.00', '0.00', '0.00', '0.00', '0.00', '0.00', '0.00', '0.00', '0.20', '0.10', '0.00', '0.50', '0.20', '0.00', '0.00', '0.00', '0.00', '0.00', '0.00', '0.00', '0.00', '0.00', '0.20', '0.00', '3.40', '0.00', '0.00', '0.00', '0.40', '0.00', '0.00', '0.00', '0.00', '0.00', '0.00', '0.00', '0.00', '0.00', '0.00', '0.00', '0.00', '0.00', '0.00', '0.00', '0.00', '0.00', '0.10', '0.00', '0.00', '0.00', '0.60', '0.00', '0.00', '0.00', '0.20', '0.00', '0.00', '0.00', '0.00', '0.00', '0.40', '0.50', '0.00', '0.00', '0.00', '0.10', '0.00', '0.00', '0.00', '0.00', '0.00', '0.00', '0.00', '0.00', '0.00'),
(55, 2011, '35.80', '31.50', '28.20', '31.20', '31.40', '33.10', '29.80', '35.40', '34.30', '38.90', '31.20', '29.40', '31.80', '30.70', '36.60', '30.30', '31.20', '32.00', '32.10', '35.50', '36.20', '36.50', '33.60', '32.30', '14.90', '37.90', '31.60', '31.40', '30.30', '36.50', '32.90', '29.70', '39.10', '33.50', '26.30', '29.10', '31.60', '33.50', '38.90', '37.90', '26.30', '30.80', '32.70', '31.90', '35.90', '26.20', '29.80', '35.70', '30.20', '23.20', '30.90', '39.30', '36.00', '35.70', '35.60', '29.50', '41.40', '31.10', '34.10', '31.00', '36.00', '29.90', '31.60', '27.50', '24.40', '32.70', '26.60', '39.70', '43.80', '33.00', '35.10', '27.30', '33.60', '32.00', '26.00', '37.60', '35.20', '32.10'),
(56, 2011, '4.53', '1.41', '2.01', '2.14', '3.31', '0.72', '1.91', '2.36', '0.99', '1.31', '2.17', '0.52', '1.73', '0.41', '0.78', '1.62', '0.47', '1.83', '3.00', '1.11', '1.83', '3.43', '1.25', '2.88', '0.00', '2.04', '1.83', '0.36', '2.51', '0.96', '4.21', '2.28', '1.04', '0.85', '0.91', '1.89', '2.31', '2.47', '2.76', '1.74', '0.38', '4.14', '3.76', '3.43', '2.52', '3.80', '3.69', '4.82', '5.69', '1.28', '0.80', '5.01', '2.63', '1.24', '0.23', '3.60', '2.18', '2.06', '0.86', '1.65', '0.94', '2.28', '2.77', '0.72', '2.36', '3.98', '2.31', '1.15', '1.28', '2.15', '3.04', '1.56', '2.38', '2.12', '4.44', '1.30', '2.28', '2.23'),
(57, 2011, '23.87', '20.21', '15.58', '35.04', '7.94', '8.02', '15.09', '0.00', '13.71', '20.60', '16.70', '13.45', '13.49', '7.44', '17.02', '18.29', '24.61', '24.28', '0.00', '19.44', '7.87', '21.29', '26.95', '27.17', '12.50', '22.71', '19.07', '0.00', '7.77', '31.74', '30.11', '15.08', '14.94', '8.22', '13.97', '16.56', '19.45', '11.91', '16.92', '21.24', '27.57', '26.89', '40.66', '13.03', '20.11', '45.33', '34.57', '0.00', '38.95', '14.96', '14.35', '36.60', '16.67', '9.06', '3.11', '29.34', '28.03', '23.08', '14.77', '9.89', '7.98', '26.71', '19.86', '11.52', '24.16', '25.00', '28.07', '25.90', '15.22', '14.63', '18.19', '13.46', '22.38', '22.50', '18.24', '8.03', '8.16', '25.11'),
(58, 2011, '68.00', '67.60', '50.80', '50.80', '49.30', '55.80', '37.00', '28.60', '25.90', '66.90', '44.50', '62.10', '38.50', '50.60', '37.60', '39.00', '54.00', '47.20', '69.00', '44.60', '45.20', '41.20', '61.10', '57.10', '18.70', '36.20', '36.20', '40.30', '61.60', '36.20', '54.10', '28.60', '37.00', '48.70', '36.00', '46.20', '48.20', '54.00', '53.70', '43.80', '47.30', '63.20', '60.50', '50.70', '34.70', '24.30', '45.40', '59.20', '33.80', '37.30', '58.40', '62.70', '48.60', '60.60', '46.80', '32.00', '43.20', '47.50', '67.50', '61.20', '36.20', '64.40', '57.30', '66.60', '29.50', '35.30', '55.20', '37.70', '55.90', '42.90', '34.50', '31.20', '53.70', '49.10', '19.80', '55.20', '43.00', '61.20'),
(59, 2011, '12.03', '12.03', '8.04', '9.22', '9.07', '9.23', '8.14', '4.84', '4.45', '10.61', '8.31', '10.34', '6.92', '8.48', '6.39', '7.10', '8.64', '7.70', '15.00', '11.85', '8.08', '6.83', '10.78', '11.27', '13.91', '6.79', '5.88', '8.04', '9.56', '7.43', '10.04', '6.62', '4.88', '6.05', '6.61', '9.20', '8.00', '20.74', '11.91', '7.31', '5.98', '10.21', '11.94', '7.17', '8.08', '4.68', '9.80', '13.88', '5.39', '7.30', '8.50', '15.42', '11.18', '11.23', '11.98', '7.37', '6.65', '9.35', '7.91', '16.14', '6.39', '11.92', '10.68', '13.68', '6.43', '7.43', '9.86', '6.92', '9.20', '9.25', '9.16', '5.32', '10.29', '8.64', '8.47', '8.01', '6.87', '9.59'),
(60, 2011, '13.73', '5.96', '7.78', '6.39', '5.75', '9.25', '9.63', '5.22', '10.02', '8.19', '6.40', '10.97', '5.33', '2.14', '11.61', '7.69', '8.53', '7.13', '2.89', '10.83', '4.38', '6.05', '6.19', '5.50', '16.92', '4.19', '6.03', '16.71', '12.69', '12.86', '12.20', '8.49', '3.86', '8.27', '3.58', '10.36', '4.17', '13.31', '8.69', '11.43', '9.57', '10.55', '3.80', '8.50', '6.83', '6.93', '8.95', '12.18', '6.21', '10.43', '10.76', '6.75', '12.68', '11.07', '12.42', '3.63', '7.71', '7.81', '7.08', '9.33', '10.46', '9.93', '10.52', '4.01', '10.00', '9.25', '10.06', '6.85', '5.59', '6.06', '8.44', '5.51', '7.04', '9.22', '10.42', '7.91', '9.96', '6.60'),
(61, 2011, '95.80', '84.10', '75.90', '96.90', '88.70', '88.70', '88.60', '83.30', '84.30', '94.80', '85.30', '92.70', '83.00', '93.10', '88.70', '81.60', '90.70', '87.90', '83.60', '94.30', '91.70', '84.40', '95.90', '92.00', '73.10', '79.50', '84.50', '88.50', '97.10', '82.90', '93.20', '78.50', '81.60', '93.30', '84.60', '87.40', '84.40', '94.40', '88.50', '90.80', '89.40', '91.60', '94.70', '89.80', '91.40', '85.60', '88.00', '97.70', '95.20', '81.60', '86.00', '87.70', '88.70', '92.30', '94.00', '85.40', '92.80', '86.50', '82.60', '70.90', '87.40', '91.20', '89.30', '88.40', '81.10', '92.50', '85.90', '86.40', '84.80', '86.50', '81.80', '86.70', '88.70', '82.60', '91.10', '93.90', '92.80', '92.20'),
(62, 2011, '0.00', '0.00', '0.10', '0.00', '0.00', '0.00', '0.10', '0.10', '0.00', '0.00', '0.00', '0.00', '0.00', '0.00', '0.00', '0.00', '0.00', '0.00', '0.00', '0.00', '0.00', '0.00', '0.00', '0.00', '0.00', '0.10', '0.00', '0.00', '0.00', '0.00', '0.00', '0.00', '0.00', '0.00', '0.10', '0.00', '0.00', '0.10', '0.10', '0.00', '0.20', '0.00', '0.00', '0.00', '0.00', '0.00', '0.10', '0.00', '0.00', '0.00', '0.00', '0.00', '0.00', '0.00', '0.00', '0.00', '0.00', '0.00', '0.00', '0.00', '0.00', '0.00', '0.00', '0.00', '0.00', '0.00', '0.00', '0.10', '0.00', '0.00', '0.00', '0.00', '0.00', '0.00', '0.00', '0.00', '0.00', '0.00'),
(63, 2011, '41.90', '45.50', '41.70', '41.00', '41.20', '39.60', '46.20', '40.30', '37.60', '37.70', '51.30', '51.80', '47.50', '55.60', '44.20', '50.30', '38.80', '53.20', '48.70', '19.60', '47.30', '34.40', '44.70', '45.10', '35.40', '43.50', '31.10', '46.60', '27.50', '39.60', '46.90', '55.30', '56.40', '44.90', '50.10', '48.10', '36.50', '29.00', '45.10', '39.70', '40.30', '44.50', '35.70', '33.00', '31.10', '33.60', '46.30', '33.10', '32.10', '64.40', '46.30', '42.50', '25.00', '46.70', '31.50', '38.00', '38.60', '45.20', '41.80', '40.40', '34.00', '43.00', '33.50', '54.00', '48.70', '39.30', '34.40', '36.90', '49.30', '46.60', '50.40', '54.00', '37.70', '43.90', '30.40', '30.20', '35.30', '40.80'),
(64, 2011, '27.60', '28.70', '25.20', '27.70', '21.20', '27.70', '22.20', '21.00', '23.40', '20.80', '16.00', '24.50', '17.60', '26.80', '19.70', '13.40', '22.80', '22.90', '19.30', '28.90', '22.00', '21.30', '27.20', '23.30', '31.30', '15.40', '18.40', '22.30', '24.70', '16.30', '23.30', '14.00', '16.80', '27.00', '23.90', '18.90', '26.40', '24.20', '19.70', '19.10', '30.20', '31.10', '36.50', '22.10', '21.50', '17.70', '23.70', '33.80', '28.50', '23.70', '27.30', '29.10', '24.70', '26.80', '30.40', '25.70', '24.20', '18.60', '25.70', '26.90', '19.00', '23.90', '23.20', '23.60', '16.70', '27.40', '33.50', '21.10', '16.50', '16.70', '14.70', '27.30', '22.90', '23.50', '22.20', '25.80', '24.80', '26.00'),
(65, 2011, '11.20', '13.10', '10.70', '10.50', '11.30', '11.40', '10.30', '12.10', '11.40', '14.70', '9.10', '12.60', '9.30', '11.20', '11.00', '8.30', '12.80', '9.60', '9.90', '13.30', '7.50', '11.60', '13.60', '13.60', '8.40', '9.40', '9.00', '11.80', '13.20', '10.90', '11.60', '7.70', '9.60', '11.40', '9.20', '11.40', '10.90', '9.90', '11.60', '10.90', '13.60', '11.60', '12.00', '9.80', '10.60', '11.50', '10.10', '11.30', '14.00', '11.90', '9.10', '12.20', '9.60', '11.90', '11.20', '10.30', '13.00', '10.50', '11.30', '13.10', '10.40', '10.60', '11.90', '12.70', '9.20', '13.00', '11.90', '10.50', '8.40', '9.40', '8.90', '11.00', '16.60', '19.40', '17.30', '9.60', '12.50', '12.20'),
(66, 2011, '26.30', '23.90', '27.10', '28.10', '27.20', '30.80', '26.10', '27.00', '30.20', '24.20', '21.70', '23.20', '24.70', '21.40', '30.50', '25.00', '25.50', '31.50', '25.80', '27.60', '32.90', '28.60', '27.00', '27.90', '26.60', '26.30', '29.20', '33.90', '30.60', '28.80', '28.90', '18.80', '20.20', '21.70', '28.00', '31.50', '26.80', '32.90', '28.40', '28.70', '25.60', '24.10', '24.30', '29.80', '33.90', '30.90', '28.40', '31.40', '28.80', '27.80', '29.40', '25.20', '28.70', '26.80', '30.50', '29.30', '29.30', '27.60', '24.40', '22.70', '26.80', '26.60', '30.70', '26.40', '20.20', '25.30', '21.80', '29.80', '24.30', '28.10', '22.00', '24.40', '23.40', '16.00', '31.70', '34.60', '29.30', '27.40'),
(67, 2011, '11.00', '5.40', '10.70', '7.30', '12.70', '9.80', '13.20', '15.60', '9.20', '13.40', '19.00', '11.00', '12.80', '12.30', '10.30', '15.40', '11.10', '9.30', '16.00', '9.70', '9.80', '11.60', '9.90', '11.90', '11.40', '13.20', '14.90', '13.70', '11.90', '14.20', '10.00', '11.00', '13.20', '10.20', '13.00', '10.90', '13.00', '8.10', '13.40', '12.40', '10.50', '12.10', '9.40', '9.60', '9.60', '15.50', '11.70', '7.80', '7.20', '11.50', '11.70', '11.40', '13.50', '11.40', '7.80', '10.60', '10.60', '10.00', '14.50', '4.80', '14.00', '14.50', '11.00', '11.50', '13.30', '10.70', '11.20', '10.50', '16.50', '16.10', '13.40', '11.80', '11.70', '12.80', '9.10', '7.40', '11.80', '11.90');
INSERT INTO `tmp` (`indicator_id`, `year`, `v1`, `v2`, `v3`, `v4`, `v5`, `v6`, `v7`, `v8`, `v9`, `v10`, `v11`, `v12`, `v13`, `v14`, `v15`, `v16`, `v17`, `v18`, `v19`, `v20`, `v21`, `v22`, `v23`, `v24`, `v25`, `v26`, `v27`, `v28`, `v29`, `v30`, `v31`, `v32`, `v33`, `v34`, `v35`, `v36`, `v37`, `v38`, `v39`, `v40`, `v41`, `v42`, `v43`, `v44`, `v45`, `v46`, `v47`, `v48`, `v49`, `v50`, `v51`, `v52`, `v53`, `v54`, `v55`, `v56`, `v57`, `v58`, `v59`, `v60`, `v61`, `v62`, `v63`, `v64`, `v65`, `v66`, `v67`, `v68`, `v69`, `v70`, `v71`, `v72`, `v73`, `v74`, `v75`, `v76`, `v77`, `v78`) VALUES
(68, 2011, '9.40', '10.90', '6.40', '11.10', '7.50', '5.40', '8.00', '9.40', '9.00', '10.10', '9.30', '8.50', '9.40', '12.30', '9.90', '11.30', '9.10', '6.40', '7.00', '9.40', '7.30', '9.10', '8.80', '8.80', '11.60', '8.70', '7.00', '9.40', '5.40', '9.40', '10.80', '7.60', '10.90', '10.80', '4.00', '9.00', '6.60', '6.50', '8.40', '9.80', '5.70', '6.00', '4.80', '10.50', '11.00', '6.80', '8.00', '3.20', '9.30', '4.50', '5.30', '8.90', '5.90', '9.80', '5.60', '10.10', '9.10', '9.30', '6.90', '13.90', '10.30', '6.00', '9.10', '5.40', '8.30', '8.50', '5.20', '7.80', '10.50', '10.30', '9.60', '7.40', '8.40', '10.80', '6.10', '8.50', '7.70', '6.20'),
(69, 2011, '11.90', '14.30', '14.60', '12.20', '17.20', '12.20', '15.40', '10.70', '14.10', '14.50', '18.60', '15.50', '18.50', '13.30', '14.70', '19.70', '14.00', '15.60', '16.20', '9.70', '15.10', '12.90', '10.70', '12.10', '9.00', '18.20', '16.60', '6.60', '11.70', '16.40', '12.90', '26.00', '20.80', '14.60', '17.10', '13.00', '12.70', '12.20', '13.80', '14.60', '12.00', '11.90', '9.40', '13.80', '10.80', '11.80', '14.30', '9.90', '8.90', '13.30', '14.10', '10.30', '14.30', '10.90', '12.00', '11.40', '11.40', '17.80', '14.50', '14.50', '15.50', '15.50', '11.70', '15.00', '20.20', '11.50', '13.70', '16.10', '18.20', '15.50', '23.50', '13.90', '13.70', '12.90', '9.10', '12.50', '11.10', '13.10'),
(70, 2011, '2.50', '3.70', '5.20', '3.00', '2.90', '2.70', '4.70', '4.00', '2.80', '2.20', '6.30', '4.80', '7.70', '2.70', '4.00', '6.80', '4.80', '4.70', '5.80', '1.40', '5.40', '4.90', '2.90', '2.50', '1.70', '8.90', '4.90', '2.20', '2.60', '4.20', '2.50', '14.90', '8.40', '4.30', '4.70', '5.30', '3.70', '6.20', '4.50', '4.50', '2.50', '3.30', '3.50', '4.40', '2.60', '5.70', '3.90', '2.50', '3.30', '7.20', '3.20', '2.90', '3.30', '2.40', '2.50', '2.50', '2.30', '6.20', '2.70', '4.10', '4.10', '3.00', '2.40', '5.40', '12.10', '3.60', '2.80', '4.20', '5.60', '3.90', '8.10', '4.20', '3.30', '4.50', '4.60', '1.70', '2.70', '3.20'),
(71, 2011, '83.60', '76.90', '78.50', '84.90', '85.40', '82.50', '84.90', '85.00', '89.10', '86.70', '86.70', '81.20', '87.30', '78.80', '82.00', '89.00', '71.40', '82.40', '90.80', '75.40', '87.70', '85.30', '80.30', '83.70', '84.20', '89.70', '67.70', '91.00', '85.30', '84.80', '85.30', '87.60', '85.80', '81.70', '85.30', '81.90', '81.50', '78.20', '81.40', '84.80', '77.70', '76.40', '77.30', '83.00', '81.70', '81.30', '80.50', '69.60', '65.70', '81.70', '84.90', '82.70', '84.60', '81.90', '79.90', '79.90', '74.20', '82.30', '80.00', '81.10', '82.60', '87.90', '82.20', '82.60', '81.40', '82.70', '74.60', '81.10', '85.60', '86.60', '85.50', '83.20', '78.00', '75.60', '73.70', '86.90', '80.70', '81.60'),
(72, 2011, '22.10', '28.50', '22.30', '22.60', '29.60', '24.50', '28.20', '14.40', '27.10', '24.30', '28.60', '30.50', '29.30', '19.00', '25.50', '33.20', '19.70', '26.80', '26.60', '15.40', '25.50', '24.70', '20.70', '15.90', '18.40', '29.60', '20.10', '8.30', '25.30', '25.40', '23.00', '41.10', '32.90', '31.10', '32.90', '21.90', '22.50', '23.40', '25.90', '22.80', '21.30', '20.40', '10.40', '24.00', '14.40', '15.10', '22.30', '19.40', '11.10', '27.70', '27.50', '21.90', '23.10', '18.90', '20.90', '17.30', '17.40', '29.40', '15.60', '34.10', '24.80', '29.50', '19.50', '27.70', '35.20', '19.90', '23.00', '29.70', '26.20', '26.40', '34.80', '28.60', '23.00', '20.80', '10.10', '20.40', '19.60', '24.60'),
(73, 2011, '12.12', '12.35', '7.89', '6.23', '6.72', '9.00', '5.65', '11.62', '7.07', '7.38', '6.47', '8.73', '7.10', '8.56', '9.24', '6.67', '13.97', '9.27', '9.40', '10.01', '7.81', '7.59', '8.16', '6.48', '16.58', '7.25', '8.05', '5.73', '9.96', '7.04', '8.61', '8.18', '8.37', '10.79', '9.01', '6.66', '7.23', '12.63', '8.05', '6.61', '7.56', '12.48', '17.17', '6.82', '10.34', '9.14', '9.55', '11.48', '10.14', '8.62', '10.28', '12.44', '10.15', '6.80', '12.69', '7.31', '9.71', '8.14', '6.45', '11.42', '7.53', '7.08', '9.18', '9.22', '11.42', '10.99', '11.15', '8.17', '5.98', '9.05', '7.07', '10.89', '10.73', '8.45', '14.05', '9.59', '7.77', '11.27'),
(74, 2011, '14.83', '14.99', '14.93', '13.76', '12.89', '17.14', '12.90', '13.44', '14.62', '12.53', '12.15', '13.16', '15.67', '12.76', '20.92', '15.55', '15.96', '22.25', '17.65', '13.88', '22.44', '15.28', '14.40', '12.71', '23.19', '15.30', '17.59', '24.52', '17.00', '15.47', '15.72', '13.44', '11.77', '13.27', '17.42', '17.57', '14.27', '20.78', '17.65', '16.35', '12.50', '14.63', '17.56', '17.13', '22.84', '21.39', '15.98', '19.62', '15.28', '16.79', '17.54', '13.58', '17.56', '12.37', '20.16', '16.50', '17.22', '16.68', '11.32', '14.74', '15.91', '16.38', '21.15', '15.08', '12.41', '15.29', '12.47', '16.53', '13.54', '17.50', '13.37', '13.43', '14.25', '7.97', '22.72', '24.02', '15.30', '16.95'),
(75, 2011, '14.52', '14.50', '12.56', '12.80', '12.87', '13.69', '15.73', '18.93', '16.09', '17.10', '23.79', '12.43', '18.95', '20.27', '16.81', '23.03', '17.06', '12.88', '18.81', '14.06', '15.55', '15.01', '12.42', '15.20', '21.77', '18.76', '17.93', '17.44', '13.61', '18.31', '15.45', '14.86', '19.33', '17.78', '14.44', '16.54', '13.07', '11.41', '18.07', '18.94', '9.72', '13.89', '12.08', '15.19', '17.54', '19.10', '16.12', '9.13', '13.43', '11.39', '13.15', '14.97', '14.61', '14.13', '10.57', '17.62', '14.53', '14.96', '14.70', '15.21', '20.98', '16.32', '15.11', '12.80', '17.18', '16.10', '11.63', '15.75', '21.81', '23.22', '19.12', '13.06', '15.42', '14.67', '13.86', '13.50', '14.32', '15.11'),
(76, 2011, '12.80', '16.65', '17.06', '12.58', '17.99', '13.63', '17.63', '12.68', '15.52', '14.22', '24.78', '17.93', '25.29', '15.21', '17.80', '25.19', '18.22', '19.95', '21.04', '9.54', '20.28', '16.31', '10.39', '11.42', '12.51', '25.40', '19.06', '7.69', '12.71', '19.32', '11.99', '38.56', '27.53', '18.83', '20.86', '16.17', '14.27', '18.48', '16.67', '17.65', '13.40', '13.35', '11.20', '16.99', '12.93', '15.36', '17.72', '12.81', '10.56', '18.94', '14.71', '11.96', '16.44', '10.23', '13.23', '10.36', '12.33', '21.54', '13.51', '20.39', '18.51', '17.01', '13.08', '18.28', '29.13', '13.75', '13.17', '20.39', '21.95', '18.63', '29.47', '15.74', '15.06', '15.88', '12.40', '13.72', '11.70', '14.93'),
(77, 2011, '47.20', '50.20', '39.40', '45.70', '49.30', '45.80', '35.10', '34.20', '37.10', '49.90', '24.70', '38.70', '24.90', '47.70', '29.40', '20.10', '21.10', '24.80', '31.70', '52.00', '23.50', '44.40', '49.90', '52.00', '18.60', '22.10', '28.80', '50.40', '54.40', '28.60', '47.30', '14.90', '18.70', '39.60', '17.50', '32.10', '46.20', '47.70', '42.10', '28.90', '55.20', '55.50', '50.20', '34.20', '30.30', '33.30', '39.00', '66.70', '58.50', '39.60', '47.90', '45.90', '32.80', '51.40', '52.50', '46.30', '53.10', '34.90', '46.90', '40.90', '32.50', '44.30', '56.80', '42.10', '20.50', '37.20', '49.80', '31.70', '23.70', '29.00', '16.80', '48.60', '36.60', '45.10', '49.00', '41.20', '43.50', '53.30'),
(78, 2011, '75.40', '76.80', '76.70', '85.40', '72.60', '69.60', '68.90', '65.80', '74.30', '72.80', '58.40', '70.20', '60.20', '76.30', '67.00', '56.30', '77.50', '57.90', '53.30', '75.80', '55.00', '76.90', '77.40', '81.50', '93.50', '61.50', '67.40', '80.20', '79.60', '71.90', '77.90', '52.40', '55.10', '75.00', '53.00', '68.20', '80.20', '69.90', '72.60', '60.00', '79.70', '74.60', '93.00', '76.60', '58.40', '75.90', '71.60', '71.60', '71.50', '81.50', '71.70', '82.10', '82.00', '63.40', '84.30', '86.00', '87.50', '77.20', '82.90', '78.30', '59.30', '66.80', '68.70', '72.60', '69.00', '63.60', '74.40', '69.00', '56.70', '60.70', '53.80', '81.10', '83.70', '71.80', '74.00', '75.00', '74.20', '66.50'),
(79, 2011, '57.00', '59.80', '55.00', '62.00', '61.40', '54.70', '50.90', '52.20', '53.10', '60.70', '40.90', '51.40', '41.40', '57.20', '47.40', '38.40', '55.80', '42.10', '43.50', '64.80', '40.20', '57.20', '63.30', '62.10', '62.90', '37.40', '51.80', '62.40', '64.90', '50.50', '60.00', '31.10', '36.30', '52.50', '37.50', '49.50', '59.70', '57.20', '55.70', '44.40', '67.50', '65.50', '64.90', '54.20', '47.50', '57.00', '52.80', '71.90', '63.90', '63.00', '58.90', '62.40', '55.40', '54.70', '69.40', '61.40', '67.50', '57.60', '63.10', '56.90', '47.10', '55.70', '65.30', '58.00', '48.90', '51.30', '61.60', '50.50', '37.60', '44.60', '33.90', '62.90', '59.90', '55.00', '61.50', '58.30', '58.00', '58.80'),
(80, 2011, '64.00', '64.90', '61.80', '65.30', '63.70', '58.90', '55.90', '59.10', '56.80', '63.20', '46.90', '57.40', '47.90', '59.80', '56.40', '44.60', '63.40', '46.50', '52.70', '70.90', '46.10', '60.40', '68.60', '67.60', '53.00', '39.80', '56.80', '63.20', '69.50', '54.80', '59.50', '38.40', '39.60', '55.10', '42.00', '56.50', '62.80', '62.10', '61.00', '50.50', '69.10', '70.10', '67.40', '58.00', '52.90', '63.50', '59.20', '77.70', '69.40', '65.30', '62.40', '69.70', '64.50', '57.20', '72.70', '68.20', '72.70', '64.30', '67.30', '62.30', '52.30', '58.20', '68.40', '63.50', '56.10', '57.00', '65.50', '56.40', '42.70', '50.60', '41.60', '66.20', '67.00', '60.80', '71.10', '64.40', '65.30', '63.30'),
(81, 2011, '23.69', '28.21', '25.74', '24.36', '28.14', '23.83', '24.50', '25.06', '24.31', '27.24', '26.07', '27.02', '25.96', '26.28', '24.44', '25.53', '28.89', '27.40', '27.78', '26.48', '26.59', '24.01', '29.76', '26.48', '36.60', '24.97', '27.58', '27.88', '25.66', '25.57', '27.41', '28.34', '23.45', '23.18', '24.31', '26.17', '28.12', '26.98', '25.18', '27.88', '28.20', '23.57', '26.76', '23.47', '23.46', '31.26', '27.47', '24.52', '25.84', '26.60', '28.12', '25.14', '30.39', '23.53', '22.43', '24.67', '27.88', '28.37', '26.19', '24.35', '24.58', '25.13', '28.21', '25.62', '28.14', '23.41', '27.27', '23.63', '25.21', '24.71', '27.69', '25.49', '26.36', '22.90', '30.48', '24.93', '26.78', '23.63'),
(82, 2011, '6.27', '4.51', '4.87', '4.22', '2.38', '5.86', '4.22', '4.46', '3.50', '2.72', '4.25', '4.15', '4.71', '5.09', '4.84', '6.80', '5.74', '4.68', '9.75', '4.63', '6.32', '4.51', '2.72', '5.97', '8.76', '5.61', '3.12', '7.24', '3.92', '4.09', '4.94', '6.24', '4.34', '4.41', '7.34', '4.11', '4.29', '4.28', '4.53', '3.46', '7.25', '3.67', '4.22', '4.51', '5.14', '5.91', '4.12', '6.34', '4.87', '6.25', '5.94', '5.40', '4.63', '6.72', '4.75', '6.05', '3.83', '4.72', '3.74', '2.91', '6.98', '4.11', '6.05', '7.96', '5.41', '2.83', '3.74', '8.94', '6.14', '4.69', '4.14', '4.36', '6.03', '4.78', '0.45', '2.80', '4.78', '2.65'),
(83, 2011, '33.11', '29.52', '32.11', '29.74', '31.05', '28.31', '31.65', '34.92', '35.29', '27.30', '34.62', '35.49', '34.73', '32.53', '35.85', '32.99', '34.64', '33.15', '36.11', '36.70', '31.47', '30.32', '26.54', '32.64', '17.53', '34.23', '30.25', '31.64', '32.03', '29.41', '33.43', '32.97', '34.45', '32.37', '30.57', '33.77', '33.30', '34.96', '31.93', '35.17', '28.34', '32.32', '24.95', '35.69', '34.08', '29.47', '30.12', '31.71', '32.58', '32.24', '35.58', '29.39', '30.66', '31.54', '31.46', '33.08', '34.34', '32.55', '27.15', '32.90', '32.76', '28.20', '29.00', '30.34', '32.06', '34.82', '36.64', '33.41', '30.73', '35.80', '33.18', '30.31', '28.19', '33.27', '30.03', '38.44', '33.96', '36.21'),
(84, 2011, '19.52', '18.95', '16.72', '23.70', '18.39', '20.51', '19.00', '16.17', '17.31', '23.72', '17.63', '18.66', '17.42', '19.59', '17.55', '16.85', '17.26', '19.27', '12.33', '16.28', '16.85', '20.26', '21.36', '17.54', '10.31', '19.70', '20.21', '12.55', '18.53', '22.61', '17.38', '14.04', '19.50', '19.61', '15.70', '17.17', '18.04', '17.90', '18.86', '14.54', '16.69', '18.90', '21.34', '17.82', '18.19', '15.49', '18.90', '15.39', '17.32', '16.73', '15.83', '21.17', '17.17', '18.95', '21.60', '15.56', '16.78', '17.11', '23.06', '23.32', '17.78', '21.84', '15.92', '15.93', '17.89', '17.91', '16.72', '17.76', '18.09', '17.15', '15.72', '18.76', '21.76', '20.89', '19.94', '16.59', '16.93', '19.41'),
(85, 2011, '7.39', '6.76', '4.92', '5.30', '8.66', '5.52', '6.19', '4.30', '8.03', '6.90', '6.03', '5.19', '5.71', '4.76', '6.77', '6.46', '6.00', '3.97', '5.32', '6.11', '8.55', '6.96', '8.81', '5.19', '6.70', '2.62', '5.27', '5.69', '6.92', '6.86', '6.85', '5.99', '8.50', '7.51', '6.00', '6.63', '4.05', '7.49', '5.60', '7.87', '7.13', '7.40', '6.27', '4.19', '8.00', '7.67', '7.55', '3.48', '10.04', '5.13', '3.53', '7.51', '4.90', '5.49', '6.37', '8.82', '5.22', '5.33', '7.37', '3.85', '5.34', '4.34', '7.79', '7.61', '5.22', '9.61', '4.73', '5.93', '6.82', '6.47', '6.92', '6.36', '6.44', '5.99', '4.76', '5.05', '4.91', '6.08'),
(86, 2011, '10.03', '12.05', '15.64', '12.67', '11.37', '15.98', '14.42', '15.10', '11.56', '12.12', '11.39', '9.49', '11.47', '11.76', '10.54', '11.38', '7.47', '11.54', '8.71', '9.80', '10.21', '13.95', '10.82', '12.17', '20.10', '12.87', '13.57', '15.00', '12.93', '11.47', '10.00', '12.43', '9.77', '12.92', '16.08', '12.15', '12.20', '8.39', '13.90', '11.08', '12.39', '14.13', '16.46', '14.32', '11.12', '10.20', '11.84', '18.56', '9.35', '13.05', '11.00', '11.39', '12.24', '13.78', '13.40', '11.81', '11.94', '11.92', '12.47', '12.67', '12.56', '16.38', '13.04', '12.54', '11.28', '11.42', '10.90', '10.33', '13.01', '11.19', '12.36', '14.71', '11.22', '12.16', '14.34', '12.19', '12.65', '12.02'),
(87, 2011, '46.40', '41.50', '43.40', '44.10', '41.20', '31.40', '39.40', '40.70', '39.60', '45.20', '29.10', '32.50', '31.20', '34.80', '33.60', '28.20', '48.40', '26.80', '-', '49.40', '25.90', '42.80', '50.40', '46.10', '-', '24.00', '34.00', '36.00', '45.70', '36.80', '44.40', '24.00', '24.10', '32.80', '21.30', '35.90', '39.40', '43.80', '39.40', '32.00', '42.10', '45.10', '-', '34.00', '33.30', '44.80', '39.20', '-', '42.20', '46.40', '43.40', '54.70', '43.30', '37.30', '43.40', '38.70', '50.00', '46.20', '48.90', '39.40', '30.80', '34.40', '43.60', '43.90', '39.70', '32.70', '46.20', '40.50', '24.40', '29.80', '25.90', '42.30', '41.90', '39.80', '-', '41.20', '38.20', '41.00'),
(88, 2011, '64.00', '64.90', '61.80', '65.30', '63.70', '58.90', '55.90', '59.10', '56.80', '63.20', '46.90', '57.40', '47.90', '59.80', '56.40', '44.60', '63.40', '46.50', '-', '70.90', '46.10', '60.40', '68.60', '67.60', '-', '39.80', '56.80', '63.20', '69.50', '54.80', '59.50', '38.40', '39.60', '55.10', '42.00', '56.50', '62.80', '62.10', '61.00', '50.50', '69.10', '70.10', '-', '58.00', '52.90', '63.50', '59.20', '-', '69.40', '65.30', '62.40', '69.70', '64.50', '57.20', '72.70', '68.20', '72.70', '64.30', '67.30', '62.30', '52.30', '58.20', '68.40', '63.50', '56.10', '57.00', '65.50', '56.40', '42.70', '50.60', '41.60', '66.20', '67.00', '60.80', '-', '64.40', '65.30', '63.30'),
(89, 2011, '71.40', '73.70', '65.80', '71.10', '73.50', '69.50', '62.70', '67.60', '64.70', '71.30', '54.90', '67.40', '55.20', '68.90', '64.80', '51.50', '69.10', '55.70', '-', '78.90', '56.50', '68.50', '76.20', '73.30', '-', '46.50', '66.30', '70.60', '77.50', '66.50', '68.10', '43.50', '47.00', '63.70', '49.50', '66.20', '71.90', '71.50', '69.20', '59.80', '77.70', '76.80', '-', '64.60', '62.90', '70.80', '66.90', '-', '77.90', '70.60', '70.00', '76.60', '69.80', '69.50', '80.20', '75.30', '76.70', '71.40', '76.60', '69.70', '58.70', '65.10', '76.00', '71.20', '62.20', '64.20', '73.50', '66.20', '50.10', '58.40', '46.60', '73.80', '71.90', '68.00', '-', '75.30', '71.80', '68.80'),
(90, 2011, '17313.00', '16918.00', '17861.00', '14281.00', '15687.00', '19254.00', '20043.00', '16889.00', '20272.00', '15966.00', '26593.00', '21397.00', '26747.00', '18566.00', '22068.00', '28171.00', '16831.00', '23444.00', '27077.00', '14434.00', '26312.00', '16361.00', '12419.00', '15391.00', '16875.00', '34663.00', '19701.00', '15841.00', '15690.00', '19612.00', '12796.00', '43345.00', '34994.00', '20708.00', '27500.00', '21254.00', '17080.00', '16496.00', '18906.00', '26064.00', '14691.00', '15244.00', '15136.00', '18936.00', '20967.00', '16089.00', '18921.00', '10543.00', '16157.00', '12041.00', '15269.00', '13432.00', '16982.00', '17356.00', '13463.00', '16289.00', '14010.00', '15060.00', '14269.00', '17917.00', '22257.00', '17768.00', '13619.00', '14900.00', '20209.00', '21091.00', '13849.00', '20494.00', '29991.00', '23646.00', '33750.00', '16780.00', '16559.00', '20982.00', '11636.00', '15739.00', '17110.00', '18885.00'),
(91, 2011, '9.28', '3.44', '4.58', '12.17', '8.85', '4.67', '5.95', '5.18', '9.16', '8.14', '2.85', '6.37', '2.43', '6.68', '3.11', '2.20', '2.04', '2.89', '2.44', '11.25', '3.06', '7.77', '15.24', '12.07', '0.00', '3.11', '2.43', '5.52', '3.72', '4.40', '8.59', '1.67', '2.82', '3.39', '4.19', '5.39', '7.06', '1.87', '5.74', '3.90', '12.05', '6.68', '10.75', '6.08', '3.34', '1.38', '2.87', '1.22', '15.61', '3.73', '3.84', '6.50', '3.79', '14.75', '4.34', '8.11', '6.93', '3.10', '7.05', '2.69', '2.01', '2.26', '5.42', '5.77', '1.19', '2.28', '11.00', '4.27', '4.23', '2.54', '2.57', '4.69', '5.33', '11.50', '4.95', '3.40', '10.89', '5.69'),
(92, 2011, '0.46', '0.98', '1.27', '1.57', '2.36', '1.71', '1.61', '2.42', '1.75', '3.73', '0.85', '1.15', '1.22', '0.00', '0.61', '1.26', '2.82', '1.47', '0.00', '5.63', '0.92', '1.52', '2.84', '1.90', '0.00', '1.01', '0.50', '2.10', '0.00', '1.82', '2.45', '0.08', '2.39', '0.26', '0.75', '1.87', '1.38', '5.07', '3.23', '2.53', '1.52', '4.70', '3.23', '1.41', '1.62', '0.50', '0.81', '5.73', '0.00', '1.14', '1.25', '1.06', '2.24', '0.83', '2.67', '2.10', '0.96', '1.32', '3.64', '0.00', '0.79', '1.73', '2.39', '3.49', '1.29', '1.43', '0.43', '2.85', '1.20', '0.77', '1.04', '3.54', '1.17', '1.11', '0.00', '4.28', '4.30', '1.47'),
(93, 2011, '11.51', '10.84', '15.64', '18.20', '18.83', '13.65', '19.71', '13.03', '16.15', '18.14', '10.17', '12.92', '11.26', '13.11', '13.81', '12.55', '19.31', '10.79', '15.74', '13.99', '9.36', '15.54', '22.68', '20.74', '26.09', '9.46', '17.49', '16.26', '12.30', '14.55', '19.14', '6.48', '8.45', '11.06', '7.82', '16.47', '15.14', '10.36', '15.15', '11.84', '21.19', '9.03', '10.67', '15.67', '9.86', '12.38', '11.81', '21.88', '10.28', '24.70', '18.03', '18.19', '14.39', '15.48', '11.97', '11.56', '24.11', '18.95', '17.48', '12.95', '9.92', '9.76', '13.11', '19.32', '16.16', '14.46', '16.32', '14.10', '9.88', '10.87', '12.71', '12.27', '18.11', '16.01', '25.68', '11.08', '14.09', '12.45'),
(94, 2011, '28.52', '35.67', '25.01', '28.80', '18.27', '26.67', '26.69', '18.41', '28.70', '22.85', '30.66', '34.51', '31.73', '32.96', '32.84', '31.02', '19.24', '30.22', '32.34', '18.04', '34.32', '21.84', '17.40', '17.65', '33.70', '37.48', '23.50', '26.85', '25.41', '28.61', '20.66', '38.71', '34.48', '30.41', '28.97', '23.21', '22.86', '23.80', '29.44', '32.79', '24.72', '23.24', '31.45', '25.72', '23.13', '27.90', '25.13', '18.58', '20.84', '20.19', '24.91', '21.39', '28.98', '21.06', '17.70', '24.87', '22.02', '24.41', '18.32', '33.75', '31.35', '20.19', '14.55', '25.76', '24.45', '23.31', '21.01', '23.05', '34.77', '28.20', '33.11', '21.63', '23.60', '20.84', '15.77', '23.95', '21.12', '26.85'),
(95, 2011, '4.41', '3.06', '6.41', '3.14', '6.53', '4.37', '4.59', '8.79', '5.45', '6.27', '7.17', '3.63', '7.05', '1.89', '9.47', '6.56', '8.49', '8.75', '8.65', '4.41', '13.68', '7.88', '3.92', '5.36', '0.00', '5.36', '8.17', '4.28', '7.82', '8.53', '3.53', '6.99', '4.36', '2.26', '10.26', '6.14', '3.71', '13.28', '5.17', '6.71', '5.83', '9.99', '8.65', '5.44', '7.65', '13.15', '4.11', '8.51', '14.30', '5.05', '7.25', '11.48', '8.16', '4.82', '16.03', '6.89', '6.79', '8.31', '4.47', '1.93', '8.72', '5.81', '8.59', '7.51', '7.11', '9.73', '7.60', '10.45', '6.13', '8.00', '7.44', '12.21', '6.58', '2.36', '3.90', '15.17', '3.72', '5.09'),
(96, 2011, '17.07', '20.58', '21.63', '17.29', '24.16', '18.97', '20.08', '33.91', '20.82', '19.20', '31.03', '14.91', '29.37', '18.02', '23.37', '32.44', '34.60', '30.63', '26.75', '20.78', '25.72', '19.01', '17.45', '14.42', '36.96', '21.38', '33.64', '24.31', '18.10', '24.54', '14.18', '27.94', '28.05', '24.02', '29.54', '25.04', '21.21', '24.52', '21.44', '24.61', '16.58', '21.75', '12.13', '28.43', '39.37', '25.75', '30.40', '16.49', '20.65', '25.92', '13.48', '19.06', '20.83', '10.20', '27.23', '18.39', '13.92', '25.96', '15.92', '23.76', '30.56', '29.46', '31.44', '19.26', '36.00', '22.34', '19.95', '27.11', '23.87', '31.68', '25.99', '20.18', '22.82', '18.92', '36.49', '19.96', '25.16', '22.86'),
(97, 2011, '2.81', '0.81', '0.53', '0.00', '0.28', '0.00', '0.79', '0.64', '0.43', '0.00', '0.53', '0.00', '0.30', '1.27', '2.35', '0.19', '1.10', '0.55', '0.00', '0.35', '0.19', '0.35', '0.00', '0.28', '0.00', '0.00', '0.20', '0.00', '5.30', '0.80', '0.39', '0.29', '0.85', '1.74', '0.00', '0.62', '0.34', '0.94', '0.84', '0.00', '0.44', '1.76', '0.00', '0.63', '0.28', '2.27', '1.70', '0.00', '1.31', '0.24', '1.95', '0.00', '1.14', '0.35', '0.46', '1.69', '0.00', '0.34', '0.51', '1.10', '1.68', '1.38', '1.21', '0.00', '0.46', '0.39', '0.63', '0.58', '0.11', '0.57', '0.00', '2.17', '0.33', '0.31', '0.00', '2.82', '0.46', '1.49'),
(98, 2011, '1.66', '0.00', '0.48', '0.00', '1.08', '0.16', '0.31', '3.21', '0.53', '1.20', '0.68', '0.52', '0.47', '0.00', '0.98', '0.22', '0.29', '0.96', '0.00', '1.67', '0.94', '1.54', '1.67', '0.00', '0.00', '0.22', '1.37', '0.00', '1.83', '2.54', '1.23', '0.33', '0.71', '1.02', '3.13', '1.16', '0.21', '0.83', '1.21', '1.85', '0.96', '1.14', '2.26', '1.58', '0.72', '4.75', '0.00', '0.00', '0.00', '0.39', '1.51', '2.41', '3.55', '0.31', '3.83', '0.00', '0.89', '1.62', '0.58', '0.00', '1.73', '1.11', '1.10', '0.57', '1.01', '1.07', '1.55', '1.17', '0.66', '0.45', '0.47', '2.33', '1.06', '0.29', '0.00', '2.93', '0.26', '0.66'),
(99, 2011, '5.96', '7.71', '7.92', '5.15', '4.09', '2.33', '4.06', '6.47', '5.03', '2.48', '9.36', '1.80', '5.59', '6.51', '5.03', '6.36', '13.02', '4.42', '2.91', '5.58', '4.99', '2.55', '2.03', '3.74', '0.00', '4.80', '9.74', '9.65', '6.81', '6.57', '5.20', '6.20', '5.34', '7.61', '1.63', '4.94', '3.41', '7.82', '3.60', '2.00', '0.91', '6.13', '0.00', '5.47', '6.55', '9.78', '12.29', '1.91', '2.43', '6.23', '2.31', '4.33', '3.20', '0.90', '13.48', '6.01', '4.80', '8.66', '4.00', '3.93', '8.06', '8.61', '6.77', '1.38', '10.20', '2.60', '5.24', '5.30', '3.20', '6.85', '3.57', '9.09', '4.85', '2.68', '4.50', '6.73', '7.41', '7.37'),
(100, 2011, '1.53', '5.81', '2.32', '2.20', '1.18', '0.50', '1.20', '6.27', '3.77', '0.00', '4.51', '1.97', '3.46', '2.58', '5.54', '2.20', '8.65', '4.84', '0.00', '2.42', '2.91', '1.29', '2.71', '1.74', '0.00', '2.38', '9.45', '5.28', '1.85', '2.72', '3.35', '5.09', '0.47', '5.11', '1.50', '4.84', '1.11', '13.61', '4.85', '5.25', '1.21', '4.44', '0.00', '3.10', '6.18', '10.86', '6.88', '0.00', '3.83', '3.16', '2.65', '2.31', '1.24', '0.80', '3.43', '1.39', '3.16', '5.00', '2.44', '2.99', '7.71', '3.39', '4.61', '0.38', '5.21', '2.55', '1.05', '3.13', '1.52', '4.11', '2.47', '5.06', '8.00', '1.23', '5.41', '5.00', '2.87', '3.19'),
(101, 2011, '55.80', '55.90', '52.20', '56.70', '51.20', '49.10', '47.30', '53.70', '48.00', '55.80', '34.40', '50.10', '37.10', '49.50', '43.60', '30.30', '46.90', '37.80', '41.00', '59.60', '38.70', '52.50', '56.70', '55.90', '44.00', '33.50', '42.90', '54.50', '62.90', '44.70', '52.70', '27.10', '34.00', '47.10', '34.60', '43.60', '59.10', '53.20', '52.60', '45.30', '57.40', '61.00', '55.90', '48.30', '45.10', '46.00', '48.60', '64.40', '58.70', '53.20', '55.00', '59.30', '51.60', '54.10', '61.80', '55.00', '62.20', '49.70', '56.50', '48.90', '41.80', '50.40', '60.40', '48.80', '39.20', '46.50', '56.90', '49.60', '37.60', '38.40', '32.30', '55.90', '52.10', '52.40', '46.30', '55.80', '51.70', '56.00'),
(102, 2011, '11.58', '11.36', '10.90', '11.14', '11.59', '9.51', '11.37', '11.22', '13.15', '12.21', '11.27', '8.59', '10.80', '9.04', '11.02', '11.69', '11.22', '11.43', '10.02', '12.37', '12.27', '12.36', '11.97', '11.23', '12.90', '10.48', '11.04', '12.69', '10.95', '11.90', '11.80', '11.68', '10.66', '12.51', '9.38', '11.16', '11.40', '12.77', '11.04', '11.94', '10.25', '10.90', '13.67', '12.17', '11.81', '10.93', '10.36', '10.70', '10.26', '21.17', '9.87', '11.68', '11.30', '11.64', '11.60', '11.35', '14.01', '12.45', '11.11', '11.88', '10.28', '9.94', '10.71', '9.12', '12.44', '10.58', '10.58', '11.01', '11.76', '10.77', '10.77', '10.67', '10.82', '11.37', '11.05', '12.99', '10.03', '11.31');

/*!40101 SET CHARACTER_SET_CLIENT=@OLD_CHARACTER_SET_CLIENT */;
/*!40101 SET CHARACTER_SET_RESULTS=@OLD_CHARACTER_SET_RESULTS */;
/*!40101 SET COLLATION_CONNECTION=@OLD_COLLATION_CONNECTION */;
